timestamp,actual_load_x,actual_load_y,drone1_pose_x,drone1_pose_y,drone1_pose_z,drone1_velocity_x,drone1_velocity_y,drone1_velocity_z,cable1_tension,drone1_control_x,drone1_control_y,drone1_control_z,attachment_point1_x,attachment_point1_y,drone2_pose_x,drone2_pose_y,drone2_pose_z,drone2_velocity_x,drone2_velocity_y,drone2_velocity_z,cable2_tension,drone2_control_x,drone2_control_y,drone2_control_z,attachment_point2_x,attachment_point2_y,drone3_pose_x,drone3_pose_y,drone3_pose_z,drone3_velocity_x,drone3_velocity_y,drone3_velocity_z,cable3_tension,drone3_control_x,drone3_control_y,drone3_control_z,attachment_point3_x,attachment_point3_y,drone4_pose_x,drone4_pose_y,drone4_pose_z,drone4_velocity_x,drone4_velocity_y,drone4_velocity_z,cable4_tension,drone4_control_x,drone4_control_y,drone4_control_z,attachment_point4_x,attachment_point4_y
1756810434.000650,0.200013,-0.000013,-0.971499,-0.000889,0.502827,0.002993,-0.000157,0.015001,0.076853,-0.432789,-0.049748,-0.112937,0.000014,-0.000680,-0.685531,0.685538,0.499962,0.007473,-0.007383,-0.049529,0.076060,-0.431016,0.118076,0.052800,0.000014,-0.000680,-0.830788,-0.351728,0.507002,-0.008356,0.003805,0.013786,0.059626,-0.408335,-0.175789,-0.069845,0.000014,-0.000680,-0.831413,0.355802,0.498409,-0.003548,-0.004955,0.039357,0.059446,-0.434942,0.055165,-0.101562,0.000014,-0.000680
1756810434.204780,0.200013,-0.000013,-0.971499,-0.000889,0.502827,0.002993,-0.000157,0.015001,0.076804,-0.419664,0.083851,-0.139176,0.000014,-0.000680,-0.685531,0.685538,0.499962,0.007473,-0.007383,-0.049529,0.076039,-0.389627,0.220205,0.046933,0.000014,-0.000680,-0.830788,-0.351728,0.507002,-0.008356,0.003805,0.013786,0.059554,-0.425395,-0.107528,-0.099926,0.000014,-0.000680,-0.831413,0.355802,0.498409,-0.003548,-0.004955,0.039357,0.059414,-0.429935,0.078186,-0.107498,0.000014,-0.000680
1756810434.419526,0.200013,-0.000013,-0.970963,-0.000905,0.501554,0.008956,-0.000063,-0.036214,0.076401,-0.447398,0.046310,-0.016710,0.000014,-0.000680,-0.684778,0.684792,0.494062,0.007121,-0.007100,-0.064333,0.075107,-0.377500,0.224549,0.097825,0.000014,-0.000680,-0.831808,-0.350841,0.504440,-0.011739,0.013095,-0.053277,0.059400,-0.413897,-0.151412,0.091067,0.000014,-0.000680,-0.832104,0.354980,0.501999,-0.009684,-0.009919,0.034399,0.059565,-0.431526,0.075533,-0.103605,0.000014,-0.000680
1756810434.633955,0.200013,-0.000013,-0.968685,-0.000707,0.493890,0.027318,0.001813,-0.064673,0.075358,-0.445177,0.000353,0.065974,0.000014,-0.000680,-0.682939,0.683853,0.484288,0.006168,-0.005933,-0.071758,0.074194,-0.370564,0.221159,0.127617,0.000014,-0.000680,-0.831569,-0.349278,0.495263,-0.001159,-0.002415,-0.058790,0.058402,-0.411681,-0.146871,0.107320,0.000014,-0.000680,-0.832183,0.354271,0.506569,0.005721,-0.004207,0.016992,0.060181,-0.433459,0.106834,-0.057193,0.000014,-0.000680
1756810434.852244,0.200013,-0.000013,-0.969331,-0.001553,0.485922,-0.024191,-0.007940,-0.050389,0.075073,-0.442726,-0.071211,0.037811,0.000014,-0.000680,-0.685102,0.683098,0.473814,-0.029230,-0.012145,-0.078468,0.073652,-0.329586,-0.262491,0.158058,0.000014,-0.000680,-0.833948,-0.351512,0.489169,-0.018078,-0.027029,-0.042991,0.058890,-0.409748,-0.171072,0.074509,0.000014,-0.000680,-0.834105,0.354703,0.507285,-0.021532,0.006629,-0.007362,0.060805,-0.433303,0.122441,-0.000179,0.000014,-0.000680
1756810435.046104,0.200013,-0.000013,-0.973120,-0.001450,0.478024,-0.025548,0.005727,-0.068947,0.075360,-0.438746,-0.050331,0.086534,0.000014,-0.000680,-0.688898,0.682925,0.462513,-0.025828,0.003459,-0.086508,0.073404,-0.367034,0.191786,0.176092,0.000014,-0.000680,-0.837218,-0.353777,0.483504,-0.036933,-0.009723,-0.039910,0.059369,-0.409876,-0.169298,0.076465,0.000014,-0.000680,-0.837992,0.355144,0.506235,-0.039792,-0.000679,-0.004611,0.061559,-0.425089,0.147592,0.004801,0.000014,-0.000680
1756810435.238692,0.200013,-0.000013,-0.976033,-0.000675,0.468255,-0.022847,0.005776,-0.089747,0.075412,-0.425989,-0.050963,0.135862,0.000014,-0.000680,-0.691699,0.683519,0.451508,-0.020873,0.005287,-0.094097,0.073281,-0.309188,0.266969,0.188781,0.000014,-0.000680,-0.842410,-0.354734,0.477690,-0.046147,0.000111,-0.055654,0.060233,-0.405317,-0.158157,0.114939,0.000014,-0.000680,-0.844011,0.354616,0.504854,-0.054472,-0.006437,-0.022098,0.062799,-0.426126,0.137329,0.045432,0.000014,-0.000680
1756810435.438463,0.200013,-0.000013,-0.977757,0.000152,0.454956,-0.007386,0.004654,-0.089358,0.074951,-0.422139,-0.061719,0.143213,0.000014,-0.000680,-0.694538,0.685176,0.438017,-0.009460,0.045195,-0.114408,0.073234,-0.310496,0.231698,0.228951,0.000014,-0.000680,-0.848155,-0.354711,0.468485,-0.037223,0.014504,-0.068561,0.060890,-0.395405,-0.156871,0.146811,0.000014,-0.000680,-0.851035,0.353309,0.499803,-0.050668,-0.006267,-0.035347,0.063899,-0.424912,0.126725,0.076794,0.000014,-0.000680
1756810435.637912,0.200013,-0.000013,-0.980898,-0.000553,0.446262,-0.039096,-0.013152,-0.063766,0.075200,-0.436806,-0.047931,0.097043,0.000014,-0.000680,-0.697479,0.685290,0.426245,-0.035744,-0.054576,-0.097512,0.073082,-0.312617,0.255886,0.198251,0.000014,-0.000680,-0.854364,-0.355191,0.462539,-0.052161,-0.024844,-0.036007,0.061973,-0.408186,-0.174405,0.073989,0.000014,-0.000680,-0.857216,0.354008,0.496684,-0.052717,0.016367,-0.018582,0.065167,-0.435460,0.107354,0.036834,0.000014,-0.000680
1756810435.838765,0.200013,-0.000013,-0.986791,-0.001654,0.436510,-0.039833,-0.004191,-0.079172,0.076116,-0.428353,-0.029652,0.134711,0.000014,-0.000680,-0.702618,0.680882,0.413833,-0.048676,-0.013620,-0.073767,0.072525,-0.322853,0.274128,0.152083,0.000014,-0.000680,-0.861939,-0.359498,0.457869,-0.041838,-0.038184,-0.044759,0.063859,-0.407710,-0.164604,0.095840,0.000014,-0.000680,-0.863529,0.357095,0.493973,-0.040701,0.020201,-0.014430,0.066737,-0.429530,0.130684,0.030539,0.000014,-0.000680
1756810436.037590,0.200013,-0.000013,-0.991220,-0.001965,0.426019,-0.035686,-0.001308,-0.091803,0.076633,-0.416587,-0.048129,0.163269,0.000014,-0.000680,-0.707682,0.681389,0.405069,-0.042000,0.001398,-0.073299,0.073087,-0.340058,0.250609,0.155124,0.000014,-0.000680,-0.865984,-0.362913,0.452884,-0.041673,-0.021239,-0.028602,0.064812,-0.418114,-0.155368,0.059575,0.000014,-0.000680,-0.870110,0.358560,0.493482,-0.069656,0.006825,-0.000850,0.068391,-0.440545,0.091694,0.004817,0.000014,-0.000680
1756810436.231407,0.200013,-0.000013,-0.995001,-0.002122,0.413472,-0.025395,-0.001947,-0.074807,0.076899,-0.425973,-0.068682,0.127875,0.000014,-0.000680,-0.712147,0.684759,0.394452,-0.013061,0.065495,-0.101740,0.073982,-0.318802,0.229426,0.219633,0.000014,-0.000680,-0.873708,-0.363800,0.450325,-0.052700,0.015608,-0.014570,0.066562,-0.427042,-0.139233,0.027534,0.000014,-0.000680,-0.880082,0.358354,0.491721,-0.076634,-0.011960,-0.019789,0.070590,-0.434281,0.110062,0.042356,0.000014,-0.000680
1756810436.428033,0.200013,-0.000013,-0.999542,-0.003221,0.406158,-0.044851,-0.015493,-0.057085,0.077698,-0.439544,0.027845,0.092387,0.000014,-0.000680,-0.715082,0.687912,0.383203,-0.032661,-0.006280,-0.081309,0.074557,-0.294193,0.278049,0.196585,0.000014,-0.000680,-0.882352,-0.362324,0.449171,-0.099051,0.027718,-0.010379,0.068396,-0.387019,-0.229266,0.013043,0.000014,-0.000680,-0.890887,0.356517,0.489595,-0.096928,-0.006191,-0.011696,0.072807,-0.429446,0.132157,0.024904,0.000014,-0.000680
1756810436.634434,0.200013,-0.000013,-1.004570,-0.004529,0.398589,-0.038604,-0.007929,-0.070954,0.078615,-0.430539,0.034183,0.126433,0.000014,-0.000680,-0.719951,0.687007,0.376033,-0.049698,0.000396,-0.048826,0.074979,-0.333301,0.281549,0.110227,0.000014,-0.000680,-0.894741,-0.361546,0.449159,-0.093539,-0.022782,0.010684,0.071282,-0.439397,-0.092483,-0.029869,0.000014,-0.000680,-0.900071,0.358085,0.487515,-0.042894,0.035630,-0.028019,0.074976,-0.430388,0.116065,0.061709,0.000014,-0.000680
1756810436.837010,0.200013,-0.000013,-1.008628,-0.005356,0.387421,-0.023558,-0.004072,-0.085433,0.079127,-0.424213,0.003245,0.150221,0.000014,-0.000680,-0.727207,0.687592,0.369192,-0.057551,-0.007305,-0.055324,0.076173,-0.332882,0.272100,0.132902,0.000014,-0.000680,-0.905462,-0.364227,0.449225,-0.069226,-0.005615,-0.040981,0.074120,-0.427321,-0.113970,0.083217,0.000014,-0.000680,-0.906878,0.362140,0.485314,-0.066749,-0.001465,0.004511,0.076831,-0.434174,0.117615,0.013046,0.000014,-0.000680
1756810437.083154,0.199973,-0.000013,-1.011245,-0.006393,0.375739,-0.019528,-0.008839,-0.072864,0.079272,-0.426482,-0.004574,0.143525,-0.000026,-0.000680,-0.733247,0.690009,0.361579,-0.021470,0.058115,-0.065975,0.077430,-0.335271,0.241599,0.178120,-0.000026,-0.000680,-0.915785,-0.371351,0.434265,-0.038685,-0.069285,-0.096237,0.076357,-0.364303,-0.142918,0.222175,-0.000026,-0.000680,-0.914415,0.358319,0.485935,-0.049172,-0.025391,0.018452,0.078326,-0.420659,0.152460,-0.048022,-0.000026,-0.000680
1756810437.331190,0.189636,0.000005,-1.018609,-0.007783,0.365566,-0.054218,-0.006773,-0.068173,0.078042,-0.427950,-0.006760,0.138995,-0.010362,-0.000662,-0.737756,0.695371,0.352444,-0.036719,0.020670,-0.042233,0.076405,-0.352487,0.250304,0.124914,-0.010362,-0.000662,-0.923004,-0.373343,0.427590,-0.109275,0.016401,0.032012,0.075663,-0.412306,-0.160346,-0.082448,-0.010362,-0.000662,-0.923956,0.358945,0.485994,-0.066613,0.008312,-0.051136,0.077936,-0.407087,0.145098,0.125419,-0.010362,-0.000662
1756810437.584583,0.180075,0.000096,-1.027312,-0.008262,0.353540,-0.048886,-0.000913,-0.078208,0.077359,-0.418278,0.000036,0.165978,-0.019924,-0.000571,-0.745649,0.698767,0.346839,-0.058151,0.021594,-0.032592,0.075778,-0.359577,0.250851,0.101410,-0.019924,-0.000571,-0.943885,-0.366274,0.431409,-0.081407,-0.023389,-0.084828,0.078337,-0.379850,-0.133427,0.201040,-0.019924,-0.000571,-0.934304,0.361681,0.479137,-0.079142,-0.003437,-0.017951,0.077527,-0.423717,0.144313,0.046336,-0.019924,-0.000571
1756810437.845327,0.174007,0.000096,-1.034396,-0.008437,0.341415,-0.045828,-0.003195,-0.065807,0.077155,-0.426181,-0.009167,0.144188,-0.025992,-0.000571,-0.755429,0.700936,0.341612,-0.051812,0.030846,-0.023235,0.076676,-0.364473,0.251588,0.079794,-0.025992,-0.000571,-0.949411,-0.372605,0.416423,-0.005644,0.012855,-0.071042,0.077950,-0.387251,-0.144042,0.178307,-0.025992,-0.000571,-0.948838,0.356977,0.475566,-0.075760,0.013656,-0.073099,0.078857,-0.390330,0.131147,0.181517,-0.025992,-0.000571
1756810438.104058,0.164887,0.000096,-1.042421,-0.009467,0.332464,-0.059025,-0.005584,-0.028797,0.076554,-0.445797,-0.009593,0.060648,-0.035111,-0.000571,-0.762335,0.708652,0.337045,-0.037669,0.039446,-0.022182,0.077504,-0.359968,0.258152,0.079268,-0.035111,-0.000571,-0.961360,-0.374056,0.406027,-0.075729,-0.026382,-0.069398,0.078205,-0.386005,-0.147248,0.178388,-0.035111,-0.000571,-0.956714,0.358636,0.461759,-0.068202,-0.005374,-0.051295,0.077753,-0.404510,0.142413,0.136358,-0.035111,-0.000571
1756810438.355129,0.158651,0.000096,-1.052602,-0.010379,0.327490,-0.061893,-0.005249,-0.036066,0.077425,-0.442502,-0.011558,0.081007,-0.041348,-0.000571,-0.769073,0.713336,0.334889,-0.051872,0.027094,-0.006216,0.078371,-0.365505,0.259878,0.037055,-0.041348,-0.000571,-0.970963,-0.380251,0.392733,-0.044748,-0.016871,-0.054080,0.078943,-0.395349,-0.153179,0.150798,-0.041348,-0.000571,-0.967367,0.359960,0.454619,-0.066620,0.032991,-0.038809,0.078448,-0.411950,0.143100,0.111013,-0.041348,-0.000571
1756810438.633629,0.143464,0.000096,-1.063035,-0.010864,0.319935,-0.056518,-0.002500,-0.044914,0.075921,-0.437234,-0.011009,0.105877,-0.056535,-0.000571,-0.779359,0.717604,0.332601,-0.058145,0.021710,-0.016997,0.078153,-0.361638,0.258839,0.068723,-0.056535,-0.000571,-0.984130,-0.382182,0.379552,-0.061281,-0.016394,-0.111954,0.078005,-0.330906,-0.126591,0.277454,-0.056535,-0.000571,-0.979531,0.362212,0.447854,-0.068911,0.002581,-0.039839,0.077482,-0.410147,0.143496,0.117012,-0.056535,-0.000571
1756810438.896027,0.137177,0.000166,-1.073679,-0.011307,0.314230,-0.066727,-0.003710,-0.012275,0.076932,-0.448860,-0.012501,0.029531,-0.062822,-0.000501,-0.788773,0.721610,0.329208,-0.045927,0.026589,-0.017381,0.079031,-0.360799,0.259227,0.071616,-0.062822,-0.000501,-0.991880,-0.382729,0.363732,-0.075424,-0.011585,-0.042866,0.077921,-0.399599,-0.153931,0.138313,-0.062822,-0.000501,-0.990498,0.365223,0.441469,-0.072700,0.022488,-0.034726,0.078328,-0.412258,0.144972,0.107388,-0.062822,-0.000501
1756810439.122647,0.126244,0.000336,-1.084904,-0.012164,0.312570,-0.069195,-0.005309,-0.012409,0.077021,-0.448745,-0.013249,0.030934,-0.073755,-0.000330,-0.796179,0.726481,0.326582,-0.056629,0.032502,-0.014311,0.078547,-0.368113,0.250441,0.065411,-0.073755,-0.000330,-1.002895,-0.387140,0.356859,-0.051807,-0.038459,-0.045543,0.078505,-0.399870,-0.142043,0.149786,-0.073755,-0.000330,-1.001343,0.365991,0.438791,-0.082550,-0.004731,0.002571,0.077913,-0.430442,0.130333,0.015629,-0.073755,-0.000330
1756810439.347859,0.114352,0.000348,-1.096140,-0.012850,0.309965,-0.068361,-0.003022,-0.019924,0.076779,-0.446900,-0.014165,0.050838,-0.085647,-0.000318,-0.804948,0.731569,0.324014,-0.054458,0.027326,-0.014815,0.078788,-0.367192,0.250949,0.068563,-0.085647,-0.000318,-1.009976,-0.389547,0.350094,-0.048539,-0.015799,-0.033634,0.077345,-0.407242,-0.145261,0.124743,-0.085647,-0.000318,-1.016004,0.366351,0.436935,-0.071818,0.031265,-0.043223,0.078484,-0.411431,0.126187,0.131569,-0.085647,-0.000318
1756810439.587922,0.106149,0.000459,-1.105358,-0.013379,0.307344,-0.069194,-0.004532,-0.007192,0.077016,-0.449332,-0.013379,0.020657,-0.093850,-0.000208,-0.812977,0.734374,0.321781,-0.055563,0.019697,-0.017059,0.078887,-0.365582,0.251027,0.076424,-0.093850,-0.000208,-1.018128,-0.392081,0.346838,-0.074095,-0.012044,-0.008985,0.077690,-0.419731,-0.148682,0.065024,-0.093850,-0.000208,-1.024442,0.369580,0.431469,-0.063961,-0.003941,-0.019500,0.078362,-0.424139,0.129792,0.075959,-0.093850,-0.000208
1756810439.840840,0.095691,0.000459,-1.117249,-0.013980,0.307500,-0.078777,-0.002947,0.004356,0.077397,-0.449685,-0.014762,-0.008365,-0.104308,-0.000208,-0.820546,0.737929,0.318928,-0.050154,0.024760,-0.010979,0.078918,-0.363471,0.258026,0.061766,-0.104308,-0.000208,-1.030525,-0.395044,0.342621,-0.058513,-0.016659,-0.030471,0.078307,-0.405804,-0.150795,0.122833,-0.104308,-0.000208,-1.038571,0.368027,0.429662,-0.086633,0.016094,-0.022656,0.078993,-0.421421,0.132538,0.085689,-0.104308,-0.000208
1756810440.091124,0.078190,0.000506,-1.131512,-0.014801,0.307919,-0.078015,-0.005531,-0.001227,0.076565,-0.449726,-0.014859,0.005400,-0.121809,-0.000161,-0.831441,0.743312,0.317050,-0.059904,0.030885,-0.014983,0.078515,-0.365376,0.251688,0.075244,-0.121809,-0.000161,-1.042382,-0.399491,0.339279,-0.055887,-0.030943,-0.023645,0.077380,-0.410908,-0.147531,0.109076,-0.121809,-0.000161,-1.052817,0.370117,0.423416,-0.073731,0.014979,-0.034335,0.077963,-0.415803,0.123951,0.119387,-0.121809,-0.000161
1756810440.336893,0.069778,0.000507,-1.143690,-0.015538,0.307654,-0.077269,-0.003488,0.002470,0.077561,-0.449738,-0.014987,-0.003838,-0.130221,-0.000160,-0.840033,0.747064,0.314483,-0.052424,0.013996,-0.015454,0.079184,-0.364252,0.252411,0.078215,-0.130221,-0.000160,-1.051244,-0.403346,0.339432,-0.069304,-0.016526,0.029262,0.077912,-0.422832,-0.150995,-0.030371,-0.130221,-0.000160,-1.064756,0.373397,0.418378,-0.068497,0.018289,-0.037011,0.078835,-0.413274,0.123061,0.128722,-0.130221,-0.000160
1756810440.549567,0.056293,0.000658,-1.156299,-0.016175,0.309467,-0.085002,-0.004709,0.018935,0.077433,-0.447152,-0.017708,-0.047434,-0.143706,-0.000009,-0.848945,0.749875,0.312167,-0.058303,0.025688,-0.014835,0.078425,-0.364611,0.251769,0.078608,-0.143706,-0.000009,-1.064223,-0.405182,0.343514,-0.087020,0.000509,0.016654,0.078400,-0.424927,-0.148206,0.001064,-0.143706,-0.000009,-1.075661,0.375461,0.413579,-0.075848,0.004850,-0.015321,0.077959,-0.425589,0.124280,0.077117,-0.143706,-0.000009
1756810440.804482,0.044407,0.000658,-1.168156,-0.016794,0.311651,-0.083686,-0.004114,0.012644,0.077492,-0.448545,-0.015806,-0.032575,-0.155592,-0.000009,-0.857540,0.754023,0.310619,-0.064374,0.028482,-0.006525,0.078571,-0.365616,0.256278,0.056143,-0.155592,-0.000009,-1.074819,-0.406010,0.341980,-0.060556,-0.035204,-0.028805,0.078122,-0.406837,-0.147626,0.123290,-0.155592,-0.000009,-1.088457,0.377079,0.411763,-0.080032,0.020356,-0.021544,0.078231,-0.421156,0.127132,0.094726,-0.155592,-0.000009
1756810441.033729,0.033779,0.000688,-1.181278,-0.017497,0.313572,-0.081395,-0.004914,0.012527,0.078221,-0.448430,-0.016971,-0.033554,-0.166220,0.000021,-0.866941,0.758073,0.309628,-0.053863,0.023546,-0.006726,0.079021,-0.365686,0.255792,0.057869,-0.166220,0.000021,-1.083325,-0.411610,0.339263,-0.063781,-0.033964,0.009715,0.078182,-0.422870,-0.152194,0.023032,-0.166220,0.000021,-1.099088,0.379719,0.408644,-0.063367,0.004274,-0.009877,0.078274,-0.426196,0.128207,0.066560,-0.166220,0.000021
1756810441.256664,0.019186,0.000688,-1.194415,-0.018324,0.316214,-0.085940,-0.005493,0.020423,0.077914,-0.446142,-0.016934,-0.056336,-0.180813,0.000022,-0.876021,0.761181,0.308196,-0.063534,0.020846,-0.006154,0.078571,-0.364888,0.256934,0.057841,-0.180813,0.000022,-1.094342,-0.416572,0.342807,-0.082057,-0.024903,0.033688,0.078009,-0.421555,-0.150956,-0.044944,-0.180813,0.000022,-1.110696,0.381866,0.408818,-0.082545,0.013628,0.004880,0.077753,-0.429836,0.130353,0.027557,-0.180813,0.000022
1756810441.500950,0.008957,0.000688,-1.206513,-0.018995,0.318926,-0.084402,-0.004247,0.017771,0.078492,-0.446625,-0.019773,-0.051407,-0.191042,0.000022,-0.884539,0.764501,0.307269,-0.056528,0.023905,-0.002649,0.078875,-0.361202,0.263860,0.049144,-0.191042,0.000022,-1.106391,-0.417118,0.346377,-0.085161,0.001408,0.019320,0.078633,-0.420256,-0.160750,-0.007038,-0.191042,0.000022,-1.121554,0.383707,0.408936,-0.076711,0.013300,0.005285,0.078082,-0.426536,0.140905,0.026831,-0.191042,0.000022
1756810441.756025,-0.006541,0.000688,-1.220144,-0.019824,0.321521,-0.084891,-0.006071,0.013537,0.078074,-0.447643,-0.016761,-0.042873,-0.206540,0.000022,-0.894716,0.768542,0.307078,-0.066241,0.025524,-0.005208,0.078688,-0.360412,0.263072,0.058302,-0.206540,0.000022,-1.118808,-0.419127,0.346905,-0.066319,-0.041599,-0.008910,0.078136,-0.412867,-0.163509,0.072973,-0.206540,0.000022,-1.133484,0.384883,0.410885,-0.076373,0.017546,0.018932,0.077423,-0.426168,0.144039,-0.011791,-0.206540,0.000022
1756810441.989928,-0.019585,0.000688,-1.233810,-0.020672,0.323927,-0.086438,-0.004520,0.017803,0.078322,-0.445994,-0.021736,-0.055986,-0.219583,0.000022,-0.904251,0.772577,0.306142,-0.058655,0.023858,-0.001681,0.078826,-0.360810,0.264513,0.048506,-0.219583,0.000022,-1.128905,-0.425426,0.347857,-0.069891,-0.029306,0.032369,0.078191,-0.418268,-0.159790,-0.044993,-0.219583,0.000022,-1.145739,0.387429,0.414169,-0.083946,0.019878,0.020571,0.077659,-0.426446,0.142533,-0.018323,-0.219583,0.000022
1756810442.211732,-0.033349,0.000688,-1.247597,-0.021576,0.326847,-0.086176,-0.006711,0.017542,0.078420,-0.445722,-0.020256,-0.058531,-0.233348,0.000022,-0.914267,0.775844,0.305868,-0.062149,0.022517,-0.002940,0.078784,-0.363596,0.259630,0.053797,-0.233348,0.000022,-1.141272,-0.430441,0.354160,-0.086058,-0.019615,0.030700,0.078677,-0.421722,-0.150518,-0.044940,-0.233348,0.000022,-1.158794,0.390229,0.416621,-0.079391,0.012516,0.011707,0.077883,-0.429417,0.134517,0.004964,-0.233348,0.000022
1756810442.455842,-0.047808,0.000688,-1.259814,-0.022388,0.329038,-0.089599,-0.005054,0.014472,0.077904,-0.446542,-0.019901,-0.052036,-0.247807,0.000022,-0.922855,0.779663,0.305521,-0.064982,0.030923,0.002389,0.078490,-0.362688,0.263686,0.037820,-0.247807,0.000022,-1.153386,-0.430909,0.357145,-0.088303,0.005131,0.020269,0.078294,-0.424260,-0.149203,-0.016613,-0.247807,0.000022,-1.169346,0.392116,0.418676,-0.070181,0.016663,0.021637,0.077237,-0.428253,0.136060,-0.024716,-0.247807,0.000022
1756810442.684119,-0.060921,0.000688,-1.273895,-0.023300,0.331260,-0.086979,-0.006711,0.015718,0.078238,-0.445883,-0.019001,-0.057706,-0.260920,0.000022,-0.933510,0.783853,0.305711,-0.062104,0.021937,-0.000178,0.078892,-0.357965,0.268754,0.046216,-0.260920,0.000022,-1.166805,-0.433749,0.359186,-0.065697,-0.039090,0.003032,0.078775,-0.424001,-0.147147,0.033360,-0.260920,0.000022,-1.182001,0.395560,0.423083,-0.086457,0.021638,0.029091,0.077714,-0.426168,0.136012,-0.049116,-0.260920,0.000022
1756810442.909750,-0.073513,0.000688,-1.286118,-0.024192,0.333678,-0.089156,-0.005807,0.018176,0.078222,-0.444535,-0.017322,-0.067765,-0.273512,0.000022,-0.941647,0.787027,0.305601,-0.060162,0.025971,-0.000077,0.078737,-0.356185,0.271003,0.046842,-0.273512,0.000022,-1.175294,-0.438957,0.360446,-0.062314,-0.022395,0.023639,0.078467,-0.423007,-0.150793,-0.029126,-0.273512,0.000022,-1.195142,0.396682,0.426836,-0.104389,-0.010899,0.024613,0.078165,-0.425917,0.139864,-0.039339,-0.273512,0.000022
1756810443.148739,-0.090238,0.000688,-1.300489,-0.025170,0.336544,-0.091461,-0.006519,0.018180,0.077707,-0.444114,-0.015950,-0.070799,-0.290237,0.000022,-0.952278,0.791176,0.305818,-0.069512,0.027089,0.006316,0.078516,-0.354067,0.276474,0.026551,-0.290237,0.000022,-1.188696,-0.443266,0.366334,-0.095317,-0.018089,0.031601,0.078445,-0.420321,-0.149893,-0.058124,-0.290237,0.000022,-1.209945,0.398258,0.426841,-0.073529,0.031426,-0.010111,0.077854,-0.422583,0.141348,0.062906,-0.290237,0.000022
1756810443.373739,-0.103512,0.000688,-1.315107,-0.026237,0.339345,-0.090902,-0.006350,0.017766,0.078164,-0.443790,-0.014124,-0.073193,-0.303511,0.000022,-0.962718,0.795590,0.306605,-0.061710,0.023850,0.002738,0.078934,-0.352156,0.277534,0.038308,-0.303511,0.000022,-1.202655,-0.444110,0.368007,-0.068675,-0.012278,0.004980,0.078771,-0.422504,-0.153147,0.023243,-0.303511,0.000022,-1.221443,0.402195,0.426892,-0.083137,0.019727,0.019144,0.077816,-0.426166,0.142573,-0.023956,-0.303511,0.000022
1756810443.592386,-0.117811,0.000688,-1.327609,-0.027059,0.341769,-0.089792,-0.005628,0.017697,0.077778,-0.443270,-0.011693,-0.076734,-0.317810,0.000022,-0.971519,0.798616,0.306646,-0.065296,0.023389,-0.000711,0.078602,-0.348051,0.280757,0.050534,-0.317810,0.000022,-1.213035,-0.447508,0.368789,-0.072982,-0.035026,0.000857,0.078289,-0.421260,-0.153979,0.036496,-0.317810,0.000022,-1.234121,0.405269,0.430207,-0.100510,0.015389,0.027396,0.077925,-0.423818,0.142100,-0.052005,-0.317810,0.000022
1756810443.820856,-0.130153,0.000688,-1.340244,-0.027929,0.344232,-0.091224,-0.006892,0.018588,0.077952,-0.442151,-0.013945,-0.082524,-0.330152,0.000022,-0.980385,0.802300,0.306652,-0.062794,0.026894,0.005269,0.078759,-0.344663,0.287702,0.031073,-0.330152,0.000022,-1.222066,-0.452015,0.369676,-0.065631,-0.024189,0.028759,0.078099,-0.420379,-0.151219,-0.054129,-0.330152,0.000022,-1.248974,0.404112,0.431566,-0.094749,-0.008005,-0.008907,0.078485,-0.423466,0.140535,0.058704,-0.330152,0.000022
1756810444.062482,-0.145196,0.000688,-1.354910,-0.028960,0.347212,-0.092239,-0.005734,0.017813,0.077968,-0.441851,-0.010243,-0.084671,-0.345195,0.000022,-0.990892,0.806432,0.307771,-0.065356,0.025397,0.003350,0.078864,-0.340610,0.291768,0.037276,-0.345195,0.000022,-1.236534,-0.455253,0.375766,-0.100165,-0.007828,0.025081,0.078628,-0.421313,-0.150732,-0.048017,-0.345195,0.000022,-1.261568,0.406940,0.430371,-0.073300,0.031614,-0.002721,0.078105,-0.423969,0.145129,0.041250,-0.345195,0.000022
1756810444.286652,-0.161289,0.000688,-1.369640,-0.029874,0.349776,-0.091681,-0.006193,0.014527,0.077710,-0.442988,-0.005169,-0.079035,-0.361288,0.000022,-1.001019,0.810548,0.307774,-0.064340,0.025664,-0.001457,0.078706,-0.335823,0.294592,0.054587,-0.361288,0.000022,-1.249960,-0.456727,0.376699,-0.070322,-0.031842,-0.000439,0.078224,-0.422535,-0.150598,0.036503,-0.361288,0.000022,-1.274346,0.412215,0.431270,-0.085500,0.027361,0.018776,0.077898,-0.422351,0.152832,-0.027642,-0.361288,0.000022
1756810444.509172,-0.173430,0.000688,-1.382368,-0.030656,0.351856,-0.090589,-0.005028,0.015978,0.077948,-0.441472,-0.000433,-0.087323,-0.373429,0.000022,-1.010002,0.813899,0.307576,-0.062529,0.023460,0.000432,0.078863,-0.333427,0.298263,0.049083,-0.373429,0.000022,-1.259741,-0.461453,0.377164,-0.070887,-0.033376,0.010146,0.078279,-0.424867,-0.148446,0.000437,-0.373429,0.000022,-1.286628,0.415186,0.434540,-0.083258,0.014142,0.027340,0.078429,-0.420126,0.150328,-0.058415,-0.373429,0.000022
1756810444.736767,-0.186904,0.000688,-1.395100,-0.031409,0.354141,-0.090643,-0.005544,0.015872,0.077848,-0.440794,-0.000488,-0.090615,-0.386903,0.000022,-1.018647,0.817450,0.307685,-0.061709,0.025621,-0.000090,0.078803,-0.352383,0.275232,0.051174,-0.386903,0.000022,-1.269209,-0.465868,0.379338,-0.076195,-0.028005,0.028074,0.078004,-0.431662,-0.110071,-0.064029,-0.386903,0.000022,-1.298291,0.415659,0.437421,-0.096195,-0.015284,0.010021,0.078220,-0.417882,0.166965,-0.004722,-0.386903,0.000022
1756810444.944043,-0.202110,0.000688,-1.409820,-0.032312,0.356544,-0.092723,-0.005417,0.014090,0.077817,-0.440544,0.016266,-0.090735,-0.402109,0.000022,-1.028690,0.821680,0.307497,-0.061973,0.027462,-0.002317,0.078826,-0.321338,0.309230,0.060684,-0.402109,0.000022,-1.284442,-0.467901,0.383980,-0.099957,-0.003175,0.019095,0.078475,-0.427329,-0.135955,-0.038191,-0.402109,0.000022,-1.312722,0.415735,0.439483,-0.098534,-0.002781,0.023497,0.078161,-0.419902,0.153218,-0.052167,-0.402109,0.000022
1756810445.183009,-0.216595,0.000688,-1.422844,-0.032950,0.358360,-0.092473,-0.003630,0.012016,0.077507,-0.440799,0.028467,-0.086358,-0.416593,0.000022,-1.037458,0.825653,0.307034,-0.063731,0.027855,-0.004674,0.078712,-0.349893,0.274357,0.069916,-0.416593,0.000022,-1.296270,-0.470253,0.384614,-0.069913,-0.032878,-0.006243,0.078184,-0.437362,-0.091657,0.053417,-0.416593,0.000022,-1.326786,0.417440,0.440469,-0.085157,0.038726,-0.008587,0.078291,-0.411805,0.172981,0.054916,-0.416593,0.000022
1756810445.379063,-0.228822,0.000688,-1.435662,-0.033445,0.359967,-0.091039,-0.003879,0.011625,0.077728,-0.438485,0.045626,-0.090659,-0.428821,0.000022,-1.046014,0.829312,0.306390,-0.058350,0.025303,-0.002971,0.078870,-0.354519,0.268986,0.067052,-0.428821,0.000022,-1.305477,-0.474859,0.384556,-0.066648,-0.027509,0.014550,0.078071,-0.439513,-0.093860,-0.023278,-0.428821,0.000022,-1.337062,0.422476,0.439937,-0.078134,0.021361,0.008750,0.078317,-0.408710,0.188376,-0.003153,-0.428821,0.000022
1756810445.558976,-0.241607,0.000688,-1.448305,-0.034017,0.361706,-0.091319,-0.003005,0.013840,0.077762,-0.437932,0.004292,-0.103663,-0.441606,0.000022,-1.054449,0.832532,0.306155,-0.062518,0.023451,0.000025,0.078842,-0.319703,0.311537,0.057100,-0.441606,0.000022,-1.316177,-0.478777,0.388164,-0.086744,-0.021703,0.029791,0.078266,-0.424843,-0.120887,-0.086068,-0.441606,0.000022,-1.349945,0.422788,0.441617,-0.101762,-0.009733,0.007283,0.078470,-0.418216,0.166269,0.000227,-0.441606,0.000022
1756810445.751139,-0.253785,0.000688,-1.459419,-0.034169,0.363262,-0.093569,-0.001052,0.012107,0.077543,-0.433327,0.063785,-0.103561,-0.453784,0.000022,-1.061817,0.835850,0.306107,-0.060169,0.031058,0.000168,0.078776,-0.333984,0.295876,0.058455,-0.453784,0.000022,-1.328103,-0.479969,0.390596,-0.099552,-0.005707,0.006733,0.078475,-0.440490,-0.092026,-0.000660,-0.453784,0.000022,-1.361892,0.422312,0.440720,-0.092927,-0.003897,-0.014334,0.078302,-0.419504,0.143301,0.078212,-0.453784,0.000022
1756810446.022560,-0.266101,0.000688,-1.470702,-0.034319,0.364703,-0.093445,-0.000152,0.011059,0.077047,-0.437730,-0.059955,-0.090871,-0.466100,0.000022,-1.069289,0.839456,0.306045,-0.063922,0.027515,-0.002890,0.078620,-0.251427,0.368153,0.064061,-0.466100,0.000022,-1.338315,-0.481220,0.390492,-0.079425,-0.016257,-0.004008,0.078227,-0.444502,-0.055036,0.043251,-0.466100,0.000022,-1.372953,0.423404,0.440188,-0.089095,0.027637,0.001194,0.077911,-0.440354,0.092997,0.022040,-0.466100,0.000022
1756810446.193793,-0.281668,0.000691,-1.487308,-0.033986,0.366651,-0.091139,0.001812,0.011603,0.077675,-0.439237,-0.020467,-0.099524,-0.481667,0.000024,-1.080356,0.843357,0.305374,-0.059248,0.021186,-0.001364,0.078880,-0.288855,0.338936,0.065118,-0.481667,0.000024,-1.351153,-0.484945,0.390706,-0.074080,-0.020515,0.021326,0.078022,-0.441238,-0.063472,-0.061488,-0.481667,0.000024,-1.386363,0.429598,0.440775,-0.078234,0.011964,0.021537,0.078260,-0.422381,0.148081,-0.050010,-0.481667,0.000024
1756810446.334320,-0.290786,0.000694,-1.496382,-0.034102,0.367993,-0.091441,0.000140,0.015548,0.077718,-0.420270,0.087960,-0.135401,-0.490785,0.000028,-1.086188,0.845695,0.305284,-0.058635,0.025222,0.000017,0.078855,-0.338675,0.289547,0.063282,-0.490785,0.000028,-1.359173,-0.487116,0.393582,-0.087549,-0.017580,0.033987,0.078202,-0.432933,-0.006993,-0.122588,-0.490785,0.000028,-1.395048,0.430269,0.443077,-0.090271,0.004966,0.018174,0.078364,-0.382408,0.273164,-0.043840,-0.490785,0.000028
1756810446.471040,-0.300471,0.000694,-1.505589,-0.033724,0.369350,-0.092526,0.006074,0.011370,0.077642,-0.416491,0.116861,-0.124014,-0.500470,0.000028,-1.092193,0.848376,0.305234,-0.060816,0.028319,-0.001530,0.078861,-0.346203,0.278861,0.069859,-0.500470,0.000028,-1.369176,-0.487630,0.396882,-0.108756,0.008502,0.026508,0.078504,-0.438871,0.017680,-0.097877,-0.500470,0.000028,-1.404059,0.430569,0.444167,-0.089100,0.001372,0.004886,0.078302,-0.355966,0.275229,0.006214,-0.500470,0.000028
1756810446.636221,-0.308849,0.000694,-1.513049,-0.032848,0.370476,-0.095297,0.006723,0.018744,0.077433,-0.407544,0.103460,-0.160326,-0.508847,0.000028,-1.097161,0.850591,0.305086,-0.063942,0.026246,-0.000655,0.078808,-0.318566,0.310446,0.068113,-0.508847,0.000028,-1.377907,-0.486798,0.397762,-0.106783,0.003072,-0.003828,0.078514,-0.447417,0.031956,0.036016,-0.508847,0.000028,-1.411317,0.430498,0.444692,-0.094035,0.003861,0.009992,0.078058,-0.384022,0.234099,-0.015008,-0.508847,0.000028
1756810446.842643,-0.320669,0.000694,-1.524610,-0.032923,0.372613,-0.095740,-0.005413,0.015111,0.077495,-0.408460,0.111796,-0.152180,-0.520668,0.000028,-1.103914,0.854508,0.304843,-0.053514,0.031315,-0.004859,0.078368,-0.330703,0.300356,0.063351,-0.520668,0.000028,-1.388232,-0.487733,0.396679,-0.075113,-0.010281,-0.008369,0.078293,-0.417559,0.157332,0.058188,-0.520668,0.000028,-1.423193,0.431233,0.445621,-0.100043,0.002719,0.005124,0.078121,-0.355785,0.275940,0.003684,-0.520668,0.000028
1756810447.052164,-0.334304,0.000709,-1.537743,-0.033503,0.374685,-0.090384,0.004805,0.012205,0.077422,-0.397826,0.145755,-0.151660,-0.534302,0.000043,-1.111310,0.858653,0.304413,-0.055066,0.027677,0.000386,0.078782,-0.262465,0.359445,0.066484,-0.534302,0.000043,-1.398677,-0.489713,0.397385,-0.075827,-0.016842,0.022562,0.077834,-0.348244,0.271972,-0.085380,-0.534302,0.000043,-1.437109,0.431118,0.446242,-0.091404,0.020356,-0.004611,0.078273,-0.374184,0.246388,0.042221,-0.534302,0.000043
1756810447.238057,-0.344887,0.000712,-1.548387,-0.032473,0.376014,-0.088772,0.015514,0.009442,0.077487,-0.374032,0.204081,-0.144750,-0.544886,0.000045,-1.118326,0.861717,0.304402,-0.061675,0.021610,-0.000492,0.078889,-0.285820,0.341149,0.066694,-0.544886,0.000045,-1.410243,-0.489632,0.401328,-0.107494,0.012620,0.031505,0.078262,-0.259984,0.341581,-0.135079,-0.544886,0.000045,-1.446450,0.435042,0.445115,-0.073409,0.032859,-0.005425,0.078323,-0.355311,0.272113,0.047053,-0.544886,0.000045
1756810447.488309,-0.355886,0.000738,-1.559113,-0.030164,0.376891,-0.090586,0.022668,0.007509,0.077430,-0.362757,0.222276,-0.146641,-0.555885,0.000072,-1.125720,0.864390,0.304340,-0.063874,0.023910,-0.000925,0.078850,-0.201927,0.396778,0.065746,-0.555885,0.000072,-1.423013,-0.486750,0.403915,-0.114589,0.032810,0.008145,0.078467,0.013433,0.448915,-0.028547,-0.555885,0.000072,-1.456635,0.437431,0.445002,-0.096626,0.005386,-0.000954,0.078342,-0.345164,0.287264,0.029143,-0.555885,0.000072
1756810447.689490,-0.373471,0.000831,-1.575496,-0.027688,0.377799,-0.089078,0.011935,0.002234,0.077167,-0.204643,0.379967,-0.127734,-0.573470,0.000164,-1.136761,0.869597,0.303532,-0.057559,0.029164,-0.004604,0.078691,-0.228961,0.381856,0.067308,-0.573470,0.000164,-1.440118,-0.482386,0.401751,-0.072857,0.014357,-0.020620,0.077888,0.223669,0.378769,0.095782,-0.573470,0.000164,-1.473102,0.440947,0.442739,-0.079810,0.032374,-0.012609,0.078182,-0.258650,0.361336,0.071535,-0.573470,0.000164
1756810447.919706,-0.382281,0.000995,-1.585860,-0.025820,0.378038,-0.083609,0.022088,0.004232,0.077612,-0.075503,0.420959,-0.139980,-0.582280,0.000328,-1.142950,0.873467,0.303223,-0.049651,0.035743,0.000688,0.078843,-0.177472,0.408231,0.066054,-0.582280,0.000328,-1.447906,-0.479962,0.400336,-0.062740,0.031603,0.007964,0.077494,0.223244,0.390282,-0.020787,-0.582280,0.000328,-1.482487,0.444784,0.441284,-0.074011,0.035176,-0.010940,0.078497,-0.271963,0.349807,0.078630,-0.582280,0.000328
1756810448.061197,-0.393093,0.001621,-1.598230,-0.020879,0.378022,-0.073826,0.034388,-0.001955,0.078193,-0.118113,0.419090,-0.113640,-0.593092,0.000954,-1.151801,0.879046,0.303144,-0.056819,0.033850,-0.000603,0.078573,-0.185003,0.403129,0.075917,-0.593092,0.000954,-1.461029,-0.472231,0.402970,-0.083814,0.066732,0.004603,0.078060,0.209975,0.397884,-0.010301,-0.593092,0.000954,-1.493198,0.450788,0.439765,-0.071412,0.029237,-0.003145,0.078535,-0.277274,0.351205,0.048029,-0.593092,0.000954
1756810448.200673,-0.398497,0.001701,-1.604182,-0.017860,0.377830,-0.074920,0.040219,-0.003838,0.078316,0.045922,0.435299,-0.104429,-0.598496,0.001034,-1.155968,0.881856,0.303074,-0.048485,0.035193,-0.000748,0.078870,-0.169405,0.409629,0.077521,-0.598496,0.001034,-1.467532,-0.465113,0.402387,-0.094118,0.107473,-0.036408,0.077462,0.231881,0.344980,0.172404,-0.598496,0.001034,-1.499598,0.452300,0.439108,-0.083269,0.018289,-0.017808,0.078833,-0.242633,0.360993,0.115472,-0.598496,0.001034
1756810448.340379,-0.406360,0.002044,-1.611705,-0.014082,0.376272,-0.067690,0.042320,-0.020788,0.078229,0.211675,0.396590,-0.020284,-0.606359,0.001377,-1.160651,0.885640,0.302972,-0.046881,0.040214,-0.001898,0.078666,-0.144920,0.417693,0.083889,-0.606359,0.001377,-1.472122,-0.457321,0.396292,-0.019967,0.061756,-0.063442,0.075835,0.220624,0.266116,0.288112,-0.606359,0.001377,-1.507485,0.454687,0.436451,-0.065573,0.037442,-0.023536,0.078701,-0.168494,0.390459,0.147238,-0.606359,0.001377
1756810448.474157,-0.412070,0.002561,-1.616763,-0.010555,0.374148,-0.059980,0.044767,-0.031631,0.078104,0.126196,0.430649,0.033426,-0.612069,0.001894,-1.164592,0.888903,0.302672,-0.056824,0.037627,-0.004708,0.078340,-0.157266,0.410836,0.094796,-0.612069,0.001894,-1.473010,-0.453034,0.391445,-0.006681,0.043923,-0.056421,0.074560,0.214847,0.289450,0.269370,-0.612069,0.001894,-1.512344,0.458139,0.434814,-0.059430,0.045625,-0.018872,0.078478,-0.213722,0.375062,0.127206,-0.612069,0.001894
1756810448.718039,-0.415736,0.003064,-1.620726,-0.006453,0.371748,-0.042744,0.059389,-0.027873,0.078202,0.038370,0.447965,0.018838,-0.615735,0.002397,-1.168675,0.892392,0.302588,-0.044446,0.047836,0.001420,0.078476,-0.167527,0.411838,0.069459,-0.615735,0.002397,-1.472793,-0.449342,0.388150,0.015565,0.045387,-0.023242,0.073600,0.235546,0.358716,0.135429,-0.615735,0.002397,-1.517031,0.461737,0.433120,-0.057750,0.043628,-0.025551,0.078750,-0.253099,0.336570,0.158625,-0.615735,0.002397
1756810448.942931,-0.421980,0.004274,-1.627096,0.004208,0.366669,-0.042296,0.071110,-0.045351,0.078296,-0.074718,0.429951,0.109813,-0.621979,0.003608,-1.175156,0.899818,0.302906,-0.035393,0.044348,0.001659,0.078691,-0.175473,0.408844,0.067497,-0.621979,0.003608,-1.473048,-0.435172,0.392800,-0.029172,0.135773,0.045671,0.071886,0.212019,0.354140,-0.179256,-0.621979,0.003608,-1.524737,0.468745,0.426901,-0.047746,0.030499,-0.044716,0.078960,-0.241061,0.288196,0.247655,-0.621979,0.003608
1756810449.246365,-0.427039,0.005408,-1.629124,0.013873,0.360330,0.000079,0.068529,-0.041047,0.077495,-0.197914,0.391622,0.099811,-0.627038,0.004741,-1.179517,0.906105,0.303449,-0.031438,0.048739,0.006290,0.078790,-0.187195,0.406533,0.046790,-0.627038,0.004741,-1.476985,-0.418222,0.392398,0.001317,0.083560,-0.024651,0.070506,0.194077,0.381927,0.137717,-0.627038,0.004741,-1.530233,0.474829,0.421354,-0.030032,0.057735,-0.038524,0.078998,-0.264669,0.284704,0.226702,-0.627038,0.004741
1756810449.388180,-0.434596,0.007361,-1.630200,0.029184,0.354727,-0.008973,0.086961,-0.014712,0.076024,-0.273024,0.357418,-0.014514,-0.634595,0.006694,-1.186209,0.915079,0.303944,-0.033117,0.043951,0.001135,0.078845,-0.181095,0.406478,0.066940,-0.634595,0.006694,-1.471597,-0.405873,0.387982,0.045773,0.063212,0.001352,0.067409,0.180193,0.411481,0.026709,-0.634595,0.006694,-1.535849,0.486081,0.415603,-0.031973,0.053259,-0.014127,0.078870,-0.299329,0.310036,0.129538,-0.634595,0.006694
1756810449.574671,-0.437357,0.008153,-1.630631,0.036283,0.354101,-0.009232,0.093921,0.000196,0.075567,-0.316766,0.308828,-0.082368,-0.637356,0.007486,-1.188778,0.918810,0.303827,-0.030758,0.047190,-0.004330,0.078969,-0.197719,0.394149,0.089752,-0.637356,0.007486,-1.466776,-0.400835,0.388831,0.074159,0.056835,0.023055,0.065713,0.150593,0.417270,-0.075548,-0.637356,0.007486,-1.538485,0.490740,0.413799,-0.032915,0.055506,-0.030279,0.079050,-0.291059,0.279551,0.199088,-0.637356,0.007486
1756810449.776128,-0.441183,0.009323,-1.632398,0.048000,0.354345,-0.018822,0.098906,-0.000664,0.075302,-0.362616,0.255257,-0.076508,-0.641182,0.008656,-1.191618,0.924097,0.302833,-0.020472,0.043445,-0.011026,0.079036,-0.201816,0.384708,0.117347,-0.641182,0.008656,-1.460935,-0.387288,0.396500,0.023211,0.146964,0.079385,0.063100,0.046608,0.286547,-0.343829,-0.641182,0.008656,-1.541911,0.496213,0.409188,-0.023537,0.030406,-0.040207,0.079035,-0.283111,0.252257,0.242313,-0.641182,0.008656
1756810449.951947,-0.444854,0.010525,-1.634781,0.059798,0.353816,-0.013491,0.093519,-0.007123,0.075230,-0.390912,0.218541,-0.043904,-0.644853,0.009858,-1.194092,0.929155,0.301361,-0.021111,0.044059,-0.013293,0.079041,-0.205052,0.380110,0.126377,-0.644853,0.009858,-1.460532,-0.369486,0.402736,-0.003056,0.124123,0.027914,0.061181,-0.065345,0.427445,-0.124583,-0.644853,0.009858,-1.546483,0.498514,0.404947,-0.039605,0.033729,-0.040220,0.079024,-0.292431,0.240747,0.242952,-0.644853,0.009858
1756810450.158889,-0.448495,0.011796,-1.635994,0.071037,0.354572,-0.018365,0.098932,0.013956,0.074939,-0.380070,0.198558,-0.136464,-0.648494,0.011129,-1.196508,0.934356,0.299571,-0.019601,0.044043,-0.015912,0.079067,-0.210183,0.373155,0.138131,-0.648494,0.011129,-1.456259,-0.357331,0.406593,0.051319,0.099880,0.045968,0.058990,-0.170959,0.355529,-0.216502,-0.648494,0.011129,-1.549611,0.505193,0.400234,-0.017574,0.061552,-0.035907,0.079153,-0.306352,0.236490,0.229611,-0.648494,0.011129
1756810450.395648,-0.453001,0.013478,-1.639226,0.085073,0.356723,-0.027002,0.099580,0.013941,0.075129,-0.390532,0.178268,-0.134943,-0.653000,0.012811,-1.199607,0.940491,0.296938,-0.024335,0.043648,-0.022365,0.079030,-0.221973,0.355153,0.164666,-0.653000,0.012811,-1.444986,-0.343606,0.414549,0.096661,0.094327,0.057435,0.055317,-0.239249,0.254005,-0.284209,-0.653000,0.012811,-1.552201,0.512649,0.395637,-0.018363,0.054327,-0.030976,0.079005,-0.318491,0.236302,0.212663,-0.653000,0.012811
1756810450.654843,-0.456770,0.014982,-1.643523,0.099181,0.359218,-0.037095,0.095377,0.013590,0.075779,-0.399619,0.157973,-0.133613,-0.656769,0.014315,-1.202118,0.946064,0.293634,-0.014260,0.037459,-0.023794,0.079052,-0.222761,0.350734,0.172917,-0.656769,0.014315,-1.436708,-0.325219,0.425356,0.025013,0.143423,0.072212,0.052003,-0.244512,0.119957,-0.358225,-0.656769,0.014315,-1.554832,0.519897,0.391065,-0.021502,0.042931,-0.026786,0.079085,-0.329231,0.233152,0.199368,-0.656769,0.014315
1756810451.011050,-0.460929,0.016745,-1.649489,0.113008,0.360429,-0.037727,0.083479,0.005865,0.076801,-0.417293,0.136353,-0.098868,-0.660928,0.016078,-1.204692,0.952177,0.289722,-0.017772,0.040727,-0.024702,0.079032,-0.231373,0.342658,0.177631,-0.660928,0.016078,-1.436197,-0.304170,0.435193,0.006819,0.123898,0.055862,0.050211,-0.333025,0.037524,-0.300310,-0.660928,0.016078,-1.559760,0.523696,0.386629,-0.031679,0.021152,-0.033158,0.079238,-0.325488,0.215760,0.223620,-0.660928,0.016078
1756810451.271235,-0.467210,0.019622,-1.657415,0.131645,0.361679,-0.034170,0.087305,0.006076,0.078102,-0.426185,0.108653,-0.095189,-0.667209,0.018955,-1.208788,0.961154,0.284595,-0.021319,0.037397,-0.022894,0.078983,-0.244668,0.335286,0.173844,-0.667209,0.018955,-1.432000,-0.277325,0.446379,0.021289,0.113578,0.038416,0.047233,-0.386276,-0.019705,-0.230006,-0.667209,0.018955,-1.563951,0.533965,0.377069,-0.015219,0.053001,-0.040715,0.079106,-0.314840,0.199314,0.252371,-0.667209,0.018955
1756810451.519638,-0.472856,0.022436,-1.663629,0.146013,0.362029,-0.029970,0.073573,-0.005898,0.079049,-0.440817,0.085917,-0.045294,-0.672855,0.021769,-1.212695,0.968086,0.279959,-0.020246,0.038385,-0.027642,0.078702,-0.240272,0.323008,0.205607,-0.672855,0.021769,-1.429859,-0.258621,0.452071,-0.006688,0.101475,0.036962,0.045363,-0.386745,-0.071462,-0.219016,-0.672855,0.021769,-1.567315,0.541870,0.370987,-0.024159,0.040896,-0.026126,0.078895,-0.410917,0.151868,0.215485,-0.672855,0.021769
1756810451.746547,-0.477781,0.023438,-1.667797,0.156512,0.360458,-0.034372,0.072701,-0.016334,0.079116,-0.439159,0.099190,0.004530,-0.677780,0.022771,-1.215204,0.973144,0.276392,-0.015662,0.033560,-0.019907,0.078900,-0.316005,0.278469,0.158688,-0.677780,0.022771,-1.428771,-0.244046,0.457092,0.010716,0.103455,0.034748,0.043310,-0.396370,-0.107037,-0.185520,-0.677780,0.022771,-1.571228,0.547633,0.367631,-0.034400,0.030525,-0.023054,0.079061,-0.404596,0.115966,0.159471,-0.677780,0.022771
1756810451.970300,-0.485555,0.023977,-1.674499,0.166590,0.356414,-0.046113,0.059067,-0.030425,0.078802,-0.433106,0.108230,0.057521,-0.685554,0.023311,-1.217719,0.978077,0.273722,-0.017875,0.028381,-0.016768,0.078980,-0.284470,0.297215,0.183389,-0.685554,0.023311,-1.431082,-0.227694,0.461869,-0.040275,0.090921,0.013369,0.040836,-0.417160,-0.123758,-0.116517,-0.685554,0.023311,-1.577303,0.550699,0.361761,-0.035006,0.023548,-0.042834,0.078577,-0.288722,0.273542,0.214223,-0.685554,0.023311
1756810452.198311,-0.490727,0.024653,-1.680275,0.175294,0.352007,-0.036760,0.060593,-0.030901,0.079160,-0.435034,0.095330,0.064693,-0.690726,0.023986,-1.220333,0.981914,0.270983,-0.019514,0.027713,-0.021381,0.079032,-0.221831,0.344295,0.186897,-0.690726,0.023986,-1.437043,-0.217393,0.460873,-0.034725,0.065976,-0.015258,0.040371,-0.456704,-0.078418,-0.011495,-0.690726,0.023986,-1.581130,0.555973,0.357411,-0.024230,0.044114,-0.018589,0.078749,-0.396536,0.166545,0.132447,-0.690726,0.023986
1756810452.415354,-0.496882,0.025845,-1.685232,0.182695,0.347542,-0.037478,0.049505,-0.031384,0.079046,-0.418800,0.179023,0.076042,-0.696880,0.025178,-1.223203,0.986074,0.267680,-0.022577,0.031648,-0.025075,0.078852,-0.317261,0.292301,0.196929,-0.696880,0.025178,-1.442193,-0.209553,0.459212,-0.033441,0.053355,-0.006952,0.039828,-0.442041,-0.072678,-0.044048,-0.696880,0.025178,-1.585110,0.561363,0.355894,-0.036089,0.030532,-0.004587,0.078687,-0.316184,0.389652,0.128345,-0.696880,0.025178
1756810452.712897,-0.502786,0.026766,-1.690772,0.189969,0.342963,-0.037751,0.056588,-0.030921,0.079114,-0.436577,0.086036,0.067182,-0.702785,0.026099,-1.226769,0.990029,0.263978,-0.026732,0.023250,-0.025421,0.078860,-0.320488,0.210988,0.236327,-0.702785,0.026099,-1.445955,-0.201321,0.458973,-0.039471,0.060882,0.007078,0.038981,-0.427432,-0.116881,-0.050290,-0.702785,0.026099,-1.591271,0.563936,0.354664,-0.056525,-0.001649,-0.016291,0.078918,-0.366397,0.227495,0.128532,-0.702785,0.026099
1756810453.048053,-0.511611,0.027179,-1.698989,0.198551,0.337548,-0.048018,0.044688,-0.034654,0.078530,-0.413526,-0.131309,0.119861,-0.711610,0.026513,-1.231609,0.993626,0.260178,-0.021488,0.022885,-0.018630,0.078812,-0.074650,0.431085,-0.019847,-0.711610,0.026513,-1.458616,-0.191887,0.459925,-0.077164,0.030435,-0.013382,0.038720,-0.051881,-0.443972,0.054133,-0.711610,0.026513,-1.598741,0.566995,0.349314,-0.030230,0.036539,-0.034971,0.078408,-0.303577,0.248510,0.220464,-0.711610,0.026513
1756810453.297615,-0.522503,0.027590,-1.709811,0.208947,0.329179,-0.040872,0.045108,-0.033114,0.078729,-0.421702,0.149009,0.050285,-0.722502,0.026923,-1.236248,0.999002,0.256289,-0.027768,0.022859,-0.015320,0.079014,-0.249547,0.345511,0.120674,-0.722502,0.026923,-1.472824,-0.185324,0.456900,-0.060353,0.033271,-0.005874,0.038997,-0.432231,-0.121205,-0.033199,-0.722502,0.026923,-1.606623,0.576871,0.345877,-0.025950,0.057654,-0.000779,0.078872,-0.401680,0.197763,0.040443,-0.722502,0.026923
1756810453.584160,-0.530350,0.028641,-1.716561,0.216433,0.324351,-0.046205,0.042503,-0.030072,0.078978,-0.447335,-0.017173,0.045602,-0.730349,0.027975,-1.241287,1.002610,0.252893,-0.035479,0.014900,-0.023406,0.078624,-0.179680,0.410547,-0.042060,-0.730349,0.027975,-1.485039,-0.179852,0.455521,-0.088298,0.031297,-0.014096,0.040436,-0.431072,0.038466,0.123140,-0.730349,0.027975,-1.611791,0.583882,0.344336,-0.052510,0.012509,-0.009084,0.078973,-0.425753,0.107606,0.098427,-0.730349,0.027975
1756810453.799944,-0.539446,0.028683,-1.725168,0.223443,0.318259,-0.050947,0.019343,-0.031334,0.078738,-0.412467,0.143598,0.108402,-0.739445,0.028016,-1.248034,1.004012,0.247203,-0.020238,0.017249,-0.038744,0.078749,-0.232734,0.293886,0.249212,-0.739445,0.028016,-1.498811,-0.174965,0.448992,-0.045668,-0.008373,-0.040287,0.040423,-0.435390,-0.018581,0.112206,-0.739445,0.028016,-1.621011,0.585240,0.338812,-0.030882,0.027624,-0.037531,0.079002,-0.282633,0.231294,0.263138,-0.739445,0.028016
1756810454.183532,-0.545257,0.028725,-1.731923,0.224146,0.313904,-0.047196,0.007721,-0.027139,0.078881,-0.412682,0.150759,0.097294,-0.745256,0.028059,-1.249279,1.007916,0.243160,-0.014510,0.027303,-0.020291,0.078935,-0.175841,0.367806,0.190994,-0.745256,0.028059,-1.503187,-0.178949,0.445321,-0.053622,-0.013205,0.004888,0.040198,-0.442503,-0.010790,-0.081084,-0.745256,0.028059,-1.624702,0.590136,0.335071,-0.025803,0.042131,-0.016504,0.078945,-0.352171,0.197417,0.198947,-0.745256,0.028059
1756810454.378552,-0.557683,0.029051,-1.743416,0.231988,0.307992,-0.052411,0.028670,-0.025729,0.078723,-0.406121,0.166633,0.098995,-0.757682,0.028384,-1.254385,1.013084,0.236099,-0.021893,0.023866,-0.043707,0.078882,-0.213798,0.291577,0.268254,-0.757682,0.028384,-1.526208,-0.177391,0.449483,-0.110846,0.021478,0.001316,0.043042,-0.442656,0.035288,-0.072875,-0.757682,0.028384,-1.633194,0.600017,0.332169,-0.062403,0.005204,-0.014160,0.079078,-0.306195,0.264509,0.196993,-0.757682,0.028384
1756810454.545574,-0.563745,0.029148,-1.749736,0.234641,0.305010,-0.051522,0.020989,-0.024940,0.078799,-0.404197,0.171162,0.099143,-0.763743,0.028481,-1.256916,1.015486,0.231390,-0.021133,0.014455,-0.036745,0.078866,-0.153598,0.342317,0.248863,-0.763743,0.028481,-1.535632,-0.176897,0.448397,-0.060847,-0.002413,-0.011026,0.043766,-0.446465,0.053995,-0.015928,-0.763743,0.028481,-1.639762,0.600127,0.328353,-0.036418,0.017403,-0.040236,0.079075,-0.294285,0.193877,0.280070,-0.763743,0.028481
1756810454.711314,-0.569652,0.029163,-1.755712,0.237385,0.301969,-0.047021,0.025443,-0.025985,0.078810,-0.391973,0.193691,0.106532,-0.769650,0.028497,-1.259916,1.016983,0.227356,-0.033127,0.005847,-0.026155,0.078781,-0.234297,0.313850,0.221960,-0.769650,0.028497,-1.543157,-0.176828,0.447179,-0.069205,0.005159,-0.005135,0.044060,-0.442073,0.073698,-0.040496,-0.769650,0.028497,-1.643322,0.603117,0.323726,-0.031435,0.029631,-0.034469,0.078735,-0.248344,0.265119,0.265871,-0.769650,0.028497
1756810454.997787,-0.573840,0.029215,-1.760333,0.240146,0.299467,-0.044526,0.024305,-0.024366,0.078948,-0.402352,0.173480,0.102558,-0.773839,0.028548,-1.262186,1.018709,0.225572,-0.016156,0.023931,-0.012904,0.078886,-0.175786,0.376497,0.173277,-0.773839,0.028548,-1.551929,-0.176251,0.447228,-0.098483,0.003709,0.000177,0.045134,-0.441985,0.056840,-0.062602,-0.773839,0.028548,-1.646148,0.606359,0.321299,-0.026659,0.036161,-0.016524,0.078736,-0.301299,0.265361,0.203594,-0.773839,0.028548
1756810455.180177,-0.582434,0.029646,-1.768531,0.243605,0.296188,-0.049124,0.028140,-0.016219,0.078935,-0.396750,0.198247,0.076084,-0.782433,0.028979,-1.264829,1.022815,0.222706,-0.017517,0.019441,-0.019592,0.078809,-0.151400,0.372810,0.201932,-0.782433,0.028979,-1.570640,-0.176856,0.448996,-0.108151,0.003137,0.006595,0.047942,-0.421211,0.125302,-0.096855,-0.782433,0.028979,-1.652361,0.612806,0.321555,-0.044369,0.025945,0.001807,0.078939,-0.303762,0.296485,0.149522,-0.782433,0.028979
1756810455.381442,-0.588997,0.029661,-1.774636,0.247072,0.293770,-0.050926,0.029035,-0.021511,0.078857,-0.393814,0.193741,0.099379,-0.788996,0.028994,-1.266520,1.025494,0.220189,-0.010190,0.024024,-0.017319,0.078765,-0.144831,0.377844,0.197352,-0.788996,0.028994,-1.580192,-0.176441,0.449819,-0.067474,0.007090,0.017800,0.048685,-0.392651,0.161960,-0.148643,-0.788996,0.028994,-1.657710,0.613981,0.320841,-0.042620,0.006615,-0.011954,0.078778,-0.298102,0.276296,0.193391,-0.788996,0.028994
1756810455.581511,-0.595170,0.029676,-1.781083,0.251327,0.290599,-0.040860,0.034087,-0.023043,0.078983,-0.395088,0.185903,0.108841,-0.795169,0.029010,-1.270031,1.027443,0.218504,-0.029180,0.007447,-0.007452,0.078855,-0.166509,0.386399,0.160283,-0.795169,0.029010,-1.591866,-0.173901,0.453443,-0.104120,0.022592,0.032154,0.050045,-0.360599,0.161998,-0.215000,-0.795169,0.029010,-1.662052,0.617801,0.317579,-0.020486,0.035226,-0.024163,0.078729,-0.325853,0.205964,0.232497,-0.795169,0.029010
1756810455.779935,-0.599969,0.029707,-1.785861,0.255459,0.287896,-0.040076,0.032002,-0.022419,0.079048,-0.384884,0.206119,0.109017,-0.799968,0.029040,-1.272568,1.029222,0.218032,-0.017166,0.018929,-0.005378,0.078957,-0.153215,0.394242,0.154270,-0.799968,0.029040,-1.606189,-0.171799,0.456554,-0.124135,0.012199,0.018221,0.052388,-0.362848,0.213055,-0.159527,-0.799968,0.029040,-1.664669,0.622499,0.315882,-0.019438,0.042189,-0.007480,0.078761,-0.294804,0.288764,0.179824,-0.799968,0.029040
1756810455.985548,-0.607298,0.030091,-1.792111,0.259785,0.285632,-0.047648,0.034089,-0.014931,0.078919,-0.389092,0.209925,0.083904,-0.807297,0.029424,-1.274529,1.032367,0.216747,-0.010894,0.029696,-0.009893,0.078800,-0.153860,0.387646,0.169559,-0.807297,0.029424,-1.623051,-0.170099,0.458314,-0.105335,0.012783,0.007268,0.054841,-0.353816,0.253799,-0.113581,-0.807297,0.029424,-1.668463,0.628730,0.317035,-0.035719,0.052407,0.013034,0.078729,-0.313393,0.304069,0.109108,-0.807297,0.029424
1756810456.177678,-0.613672,0.030554,-1.797910,0.264190,0.283742,-0.048771,0.037328,-0.016150,0.078953,-0.384869,0.214833,0.090683,-0.813671,0.029887,-1.275439,1.036323,0.215391,-0.004913,0.034840,-0.009528,0.078792,-0.143510,0.392150,0.168305,-0.813671,0.029887,-1.633249,-0.168028,0.459548,-0.070402,0.021463,0.020673,0.055892,-0.323701,0.258404,-0.175912,-0.813671,0.029887,-1.673484,0.632772,0.318355,-0.047747,0.015008,0.005572,0.078928,-0.303683,0.304035,0.133906,-0.813671,0.029887
1756810456.361227,-0.621411,0.030585,-1.804710,0.269135,0.281291,-0.045239,0.034595,-0.019156,0.078825,-0.381170,0.214576,0.105676,-0.821410,0.029918,-1.277433,1.039905,0.214737,-0.014528,0.020002,0.000066,0.078883,-0.218995,0.369146,0.135878,-0.821410,0.029918,-1.646089,-0.163221,0.464527,-0.110204,0.038112,0.043281,0.057092,-0.252336,0.244749,-0.280935,-0.821410,0.029918,-1.679434,0.634982,0.316860,-0.031393,0.023839,-0.020127,0.078751,-0.321194,0.225241,0.220786,-0.821410,0.029918
1756810456.531152,-0.626351,0.030624,-1.809741,0.273615,0.279028,-0.038443,0.039280,-0.017681,0.078968,-0.390742,0.199729,0.099737,-0.826350,0.029957,-1.279131,1.042114,0.214793,-0.013722,0.018243,0.001283,0.078977,-0.161724,0.401212,0.124783,-0.826350,0.029957,-1.660263,-0.159179,0.469560,-0.118005,0.032654,0.037590,0.059381,-0.245290,0.271707,-0.261742,-0.826350,0.029957,-1.682455,0.639197,0.315690,-0.020645,0.040799,0.001325,0.078819,-0.348618,0.243349,0.147894,-0.826350,0.029957
1756810456.736278,-0.632452,0.031017,-1.814698,0.278409,0.277894,-0.046178,0.040123,-0.006736,0.078881,-0.379748,0.233593,0.061042,-0.832451,0.030350,-1.280475,1.045114,0.214893,-0.011699,0.031677,0.000726,0.078898,-0.156399,0.402468,0.127406,-0.832451,0.030350,-1.673242,-0.154518,0.473120,-0.113355,0.041161,0.017946,0.061109,-0.258002,0.320104,-0.182944,-0.832451,0.030350,-1.685131,0.645114,0.317648,-0.030020,0.057946,0.022507,0.078823,-0.350461,0.272768,0.073122,-0.832451,0.030350
1756810456.900984,-0.641326,0.032039,-1.821689,0.284231,0.276954,-0.051461,0.044581,-0.008413,0.078754,-0.356153,0.266115,0.069578,-0.841325,0.031372,-1.281518,1.050831,0.214525,-0.002278,0.046659,-0.004699,0.078781,-0.119818,0.406210,0.152817,-0.841325,0.031372,-1.686092,-0.147040,0.475026,-0.080517,0.056753,0.016316,0.062076,-0.172594,0.374090,-0.181022,-0.841325,0.031372,-1.690048,0.652963,0.320281,-0.043121,0.035821,0.015004,0.078921,-0.282520,0.336424,0.097998,-0.841325,0.031372
1756810457.063935,-0.647556,0.032456,-1.826712,0.288631,0.275921,-0.049679,0.041528,-0.011661,0.078652,-0.346917,0.273837,0.084640,-0.847555,0.031789,-1.282524,1.054679,0.214266,-0.013068,0.032972,-0.002128,0.078849,-0.115574,0.410227,0.145131,-0.847555,0.031789,-1.695547,-0.140799,0.477517,-0.099418,0.060398,0.024844,0.062744,-0.123445,0.371207,-0.222412,-0.847555,0.031789,-1.695006,0.655123,0.320763,-0.050033,0.010411,-0.002806,0.078886,-0.249335,0.335594,0.166629,-0.847555,0.031789
1756810457.240063,-0.652892,0.032927,-1.831419,0.292725,0.274815,-0.045568,0.041025,-0.010524,0.078705,-0.362424,0.254179,0.080885,-0.852891,0.032260,-1.284161,1.057462,0.214209,-0.014936,0.023718,-0.001032,0.078835,-0.149616,0.401767,0.137222,-0.852891,0.032260,-1.704660,-0.135639,0.479638,-0.082880,0.044954,0.019914,0.063639,-0.137656,0.377619,-0.202374,-0.852891,0.032260,-1.698928,0.658042,0.319996,-0.030389,0.039660,-0.010183,0.078880,-0.318081,0.257448,0.187407,-0.852891,0.032260
1756810457.412052,-0.658924,0.032971,-1.836772,0.297936,0.274483,-0.046312,0.048269,0.001663,0.078733,-0.364288,0.262196,0.032380,-0.858923,0.032304,-1.286060,1.060109,0.214636,-0.019260,0.019378,0.011966,0.078951,-0.145439,0.416942,0.087925,-0.858923,0.032304,-1.714401,-0.129805,0.483651,-0.101285,0.052800,0.039877,0.064428,-0.105665,0.324906,-0.292868,-0.858923,0.032304,-1.702340,0.662883,0.320847,-0.030342,0.047217,0.019132,0.078955,-0.344282,0.278377,0.081043,-0.858923,0.032304
1756810457.607451,-0.665917,0.033816,-1.842507,0.303655,0.275143,-0.050249,0.050113,0.006846,0.078784,-0.354643,0.276783,0.010964,-0.865916,0.033149,-1.287133,1.064492,0.216338,-0.002126,0.046637,0.011353,0.078894,-0.118113,0.424159,0.093976,-0.865916,0.033149,-1.724726,-0.120550,0.488254,-0.073979,0.092447,0.028880,0.065281,-0.101891,0.357939,-0.252978,-0.865916,0.033149,-1.706191,0.669141,0.323255,-0.033866,0.053056,0.016852,0.079070,-0.287422,0.334594,0.089451,-0.865916,0.033149
1756810457.774593,-0.674385,0.034629,-1.848516,0.310038,0.275617,-0.049181,0.057530,0.000755,0.078543,-0.335568,0.297728,0.035400,-0.874384,0.033963,-1.287504,1.069981,0.216874,-0.003467,0.042918,-0.000452,0.078869,-0.095667,0.418943,0.134380,-0.874384,0.033963,-1.733901,-0.108165,0.490202,-0.082839,0.107762,0.003838,0.065069,-0.020846,0.424735,-0.147196,-0.874384,0.033963,-1.710630,0.675153,0.324608,-0.044351,0.034299,0.007961,0.078928,-0.256423,0.349792,0.120394,-0.874384,0.033963
1756810457.974242,-0.680777,0.035429,-1.853322,0.315623,0.275538,-0.046243,0.053485,-0.002251,0.078492,-0.333227,0.298532,0.048360,-0.880776,0.034762,-1.287828,1.074301,0.216656,-0.007146,0.039135,-0.003484,0.078821,-0.102799,0.414211,0.143434,-0.880776,0.034762,-1.741969,-0.098377,0.489784,-0.070194,0.080927,-0.008735,0.065108,-0.037513,0.439732,-0.087912,-0.880776,0.034762,-1.715192,0.678049,0.324657,-0.044096,0.029613,-0.008440,0.078825,-0.254421,0.324473,0.180462,-0.880776,0.034762
1756810458.156031,-0.687613,0.036331,-1.859734,0.322776,0.276225,-0.045167,0.053560,0.009397,0.078849,-0.326860,0.309294,-0.000412,-0.887612,0.035664,-1.289394,1.078889,0.216175,-0.012880,0.027870,-0.001991,0.078892,-0.129677,0.408096,0.138864,-0.887612,0.035664,-1.749312,-0.088961,0.489574,-0.042442,0.063383,0.010588,0.064958,0.018463,0.414013,-0.175366,-0.887612,0.035664,-1.720132,0.683865,0.324274,-0.030817,0.045609,0.003386,0.079086,-0.311768,0.293437,0.138735,-0.887612,0.035664
1756810458.322588,-0.695250,0.036611,-1.865220,0.329739,0.277642,-0.048584,0.061006,0.011382,0.078670,-0.307469,0.328414,-0.010387,-0.895249,0.035944,-1.291163,1.082291,0.217103,-0.010592,0.037901,0.013937,0.078922,-0.081823,0.434415,0.085425,-0.895249,0.035944,-1.755087,-0.080596,0.493335,-0.055475,0.092086,0.055929,0.064368,0.051357,0.255185,-0.367074,-0.895249,0.035944,-1.723658,0.689590,0.325892,-0.029688,0.052555,0.019969,0.078976,-0.251154,0.365544,0.076623,-0.895249,0.035944
1756810458.483805,-0.702325,0.037160,-1.870391,0.335612,0.278886,-0.052888,0.060791,0.012962,0.078556,-0.303873,0.331387,-0.018555,-0.902323,0.036493,-1.291774,1.086359,0.218183,-0.002081,0.041951,0.007149,0.078931,-0.077820,0.430534,0.106320,-0.902323,0.036493,-1.760958,-0.068500,0.498790,-0.062043,0.138273,0.041620,0.063981,0.064048,0.307146,-0.322583,-0.902323,0.036493,-1.726897,0.695425,0.327805,-0.035963,0.056173,0.015325,0.078935,-0.245167,0.366201,0.091502,-0.902323,0.036493
1756810458.637274,-0.708604,0.037747,-1.875420,0.342065,0.279936,-0.046298,0.066044,0.007914,0.078646,-0.267675,0.361754,0.000442,-0.908603,0.037081,-1.291560,1.090570,0.218515,0.003039,0.043314,0.000691,0.078962,-0.066279,0.426368,0.128638,-0.908603,0.037081,-1.766870,-0.055180,0.500451,-0.053481,0.120455,-0.002813,0.063466,0.120033,0.413250,-0.131597,-0.908603,0.037081,-1.730648,0.700481,0.328562,-0.038098,0.041770,0.001640,0.079041,-0.237066,0.355272,0.141940,-0.908603,0.037081
1756810458.847587,-0.714732,0.039040,-1.879766,0.348712,0.280702,-0.041028,0.066739,0.007885,0.078712,-0.300877,0.334624,0.000058,-0.914731,0.038373,-1.291461,1.095123,0.218362,-0.004939,0.044279,-0.003400,0.078788,-0.082978,0.419969,0.139463,-0.914731,0.038373,-1.772070,-0.044013,0.498716,-0.037502,0.097463,-0.022744,0.062955,0.094090,0.438390,-0.038234,-0.914731,0.038373,-1.734473,0.704318,0.328582,-0.037664,0.041236,-0.002187,0.078927,-0.246383,0.342716,0.156186,-0.914731,0.038373
1756810459.064502,-0.722918,0.040231,-1.885535,0.357884,0.282495,-0.041610,0.069560,0.016169,0.078751,-0.295123,0.337744,-0.036493,-0.922917,0.039564,-1.292886,1.100696,0.218338,-0.010873,0.040165,0.008451,0.078869,-0.166421,0.406297,0.099497,-0.922917,0.039564,-1.774323,-0.032070,0.497101,-0.003864,0.068075,0.004148,0.061149,0.103887,0.408197,-0.158376,-0.922917,0.039564,-1.739265,0.711053,0.328793,-0.024939,0.059575,0.006897,0.079005,-0.289901,0.321285,0.123532,-0.922917,0.039564
1756810459.226029,-0.731852,0.041186,-1.891645,0.367987,0.284891,-0.046385,0.075846,0.018272,0.078723,-0.241582,0.376585,-0.048291,-0.931851,0.040519,-1.293341,1.106415,0.219897,-0.001580,0.038276,0.010867,0.078942,-0.053719,0.437376,0.092399,-0.931851,0.040519,-1.775528,-0.017473,0.502731,-0.023613,0.131529,0.051026,0.059292,0.145252,0.220033,-0.364676,-0.931851,0.040519,-1.742397,0.719649,0.330982,-0.026687,0.063172,0.020314,0.078917,-0.232124,0.378949,0.071194,-0.931851,0.040519
1756810459.430524,-0.738602,0.041590,-1.895916,0.375775,0.286486,-0.038235,0.079565,0.012934,0.078594,-0.283428,0.348374,-0.028368,-0.938601,0.040923,-1.292809,1.110389,0.220763,0.012130,0.042207,0.006972,0.078983,-0.158584,0.409062,0.100950,-0.938601,0.040923,-1.777603,-0.004174,0.506748,-0.021441,0.131326,0.028663,0.057977,0.114776,0.330796,-0.282667,-0.938601,0.040923,-1.745375,0.725596,0.332436,-0.031440,0.053437,0.008430,0.078956,-0.284415,0.329704,0.113712,-0.938601,0.040923
1756810459.601928,-0.744814,0.042799,-1.900238,0.385033,0.287843,-0.034981,0.076079,0.012004,0.078811,-0.241916,0.378599,-0.025906,-0.944813,0.042132,-1.291735,1.115521,0.221297,0.006580,0.043841,0.002770,0.078955,-0.052923,0.431944,0.115560,-0.944813,0.042132,-1.779258,0.010528,0.508787,-0.010870,0.122392,0.005555,0.056779,0.142517,0.382885,-0.188652,-0.944813,0.042132,-1.749100,0.731148,0.332407,-0.029340,0.043970,-0.006607,0.079084,-0.215893,0.359139,0.164362,-0.944813,0.042132
1756810459.762285,-0.751966,0.044238,-1.904371,0.394393,0.289483,-0.036082,0.073452,0.015987,0.078783,-0.239843,0.378058,-0.045272,-0.951964,0.043571,-1.291644,1.121005,0.221694,-0.008659,0.046216,0.001600,0.078929,-0.043887,0.431481,0.120953,-0.951964,0.043571,-1.779499,0.024441,0.508125,0.011519,0.105125,-0.007167,0.054899,0.253169,0.348696,-0.129686,-0.951964,0.043571,-1.752777,0.736761,0.332120,-0.033891,0.049771,0.004917,0.078970,-0.219142,0.371981,0.127145,-0.951964,0.043571
1756810459.979539,-0.758122,0.045778,-1.907921,0.402382,0.291419,-0.035427,0.083853,0.019923,0.078819,-0.258588,0.362701,-0.063877,-0.958121,0.045111,-1.293144,1.125453,0.221925,-0.010275,0.044360,0.003801,0.078878,-0.065446,0.431485,0.110587,-0.958121,0.045111,-1.778022,0.035010,0.509379,0.011976,0.116084,0.026862,0.053204,0.149771,0.314857,-0.284489,-0.958121,0.045111,-1.755403,0.742995,0.333122,-0.020717,0.066692,0.013742,0.078983,-0.242150,0.367557,0.093792,-0.958121,0.045111
1756810460.185655,-0.766932,0.047249,-1.912684,0.414560,0.293768,-0.034210,0.087699,0.013858,0.078743,-0.255762,0.367870,-0.041932,-0.966931,0.046583,-1.293571,1.131533,0.222508,0.001546,0.043496,0.006695,0.078917,-0.082998,0.430879,0.100689,-0.966931,0.046583,-1.776862,0.051680,0.514485,0.008585,0.123128,0.041236,0.051032,0.152731,0.234252,-0.352561,-0.966931,0.046583,-1.758280,0.752498,0.335780,-0.030900,0.062140,0.016157,0.079030,-0.246392,0.367395,0.082635,-0.966931,0.046583
1756810460.383442,-0.774320,0.048256,-1.916747,0.425009,0.295321,-0.031571,0.086036,0.011739,0.078697,-0.256038,0.368399,-0.035033,-0.974318,0.047589,-1.292576,1.136658,0.223457,0.012140,0.040056,0.008864,0.078953,-0.147844,0.415331,0.091227,-0.974318,0.047589,-1.774736,0.066461,0.518739,0.019200,0.127063,0.027582,0.048873,0.188240,0.267773,-0.308810,-0.974318,0.047589,-1.761908,0.758954,0.336497,-0.026444,0.046090,-0.002273,0.079097,-0.271005,0.327373,0.148091,-0.974318,0.047589
1756810460.566703,-0.781524,0.049186,-1.920340,0.435298,0.296614,-0.027174,0.086258,0.010065,0.078573,-0.261132,0.365286,-0.029609,-0.981522,0.048519,-1.291544,1.141589,0.224223,0.011452,0.043688,0.005874,0.079010,-0.094414,0.429199,0.097340,-0.981522,0.048519,-1.769514,0.081056,0.522352,0.057644,0.120260,0.031253,0.045970,0.160253,0.251496,-0.337001,-0.981522,0.048519,-1.764992,0.764745,0.336320,-0.026089,0.055745,-0.003285,0.078973,-0.222961,0.361015,0.150097,-0.981522,0.048519
1756810460.777528,-0.787638,0.051124,-1.923557,0.445808,0.298595,-0.028163,0.089941,0.020087,0.078795,-0.268694,0.353543,-0.072881,-0.987637,0.050458,-1.291111,1.147029,0.224551,-0.005243,0.046512,0.000032,0.078925,-0.126633,0.415283,0.119048,-0.987637,0.050458,-1.764748,0.096026,0.525225,0.026730,0.126724,0.012126,0.043722,0.140911,0.337570,-0.262089,-0.987637,0.050458,-1.767742,0.771997,0.336794,-0.016704,0.067507,0.008815,0.079155,-0.275213,0.340019,0.105797,-0.987637,0.050458
1756810460.941787,-0.796882,0.053557,-1.927688,0.458429,0.301621,-0.028710,0.092962,0.020386,0.078679,-0.210783,0.389965,-0.077536,-0.996881,0.052890,-1.291478,1.154024,0.224292,0.001444,0.051935,-0.003438,0.078828,-0.024770,0.429569,0.132648,-0.996881,0.052890,-1.762055,0.112132,0.525965,0.021657,0.107139,0.011077,0.041141,0.356245,0.077333,-0.263856,-0.996881,0.052890,-1.770083,0.781568,0.339025,-0.022488,0.072280,0.018130,0.078947,-0.211126,0.391280,0.069878,-0.996881,0.052890
1756810461.154211,-0.803476,0.055036,-1.930625,0.467866,0.303312,-0.029839,0.094259,0.014379,0.078604,-0.259579,0.363328,-0.055781,-1.003475,0.054369,-1.291453,1.158816,0.223934,-0.005281,0.041605,-0.001664,0.078819,-0.129210,0.413170,0.123509,-1.003475,0.054369,-1.758597,0.123156,0.528068,0.034938,0.116121,0.027171,0.039036,0.180363,0.224828,-0.345575,-1.003475,0.054369,-1.772817,0.788392,0.340196,-0.031127,0.056071,0.005618,0.079057,-0.270138,0.341282,0.114430,-1.003475,0.054369
1756810461.376076,-0.811962,0.056975,-1.934575,0.480740,0.305147,-0.026937,0.090306,0.012742,0.078604,-0.257628,0.365355,-0.051419,-1.011961,0.056308,-1.291253,1.165062,0.224595,0.014944,0.046545,0.010925,0.078837,-0.068578,0.437316,0.081856,-1.011961,0.056308,-1.750157,0.139179,0.533043,0.083424,0.107014,0.034327,0.035573,0.125082,0.164977,-0.399548,-1.011961,0.056308,-1.777314,0.795006,0.340349,-0.026017,0.054074,-0.004066,0.079025,-0.217883,0.364492,0.149084,-1.011961,0.056308
1756810461.596625,-0.820545,0.058721,-1.938502,0.493557,0.307488,-0.028875,0.096593,0.022462,0.078569,-0.244168,0.366091,-0.094125,-1.020544,0.058054,-1.291203,1.171153,0.226054,-0.010209,0.040375,0.011746,0.078954,-0.064982,0.438596,0.077856,-1.020544,0.058054,-1.742941,0.157175,0.536728,0.024623,0.134990,-0.002653,0.032211,0.362908,0.111890,-0.241420,-1.020544,0.058054,-1.780449,0.803501,0.340801,-0.019146,0.068804,0.013280,0.079011,-0.228159,0.378193,0.086254,-1.020544,0.058054
1756810461.822472,-0.829498,0.061251,-1.941981,0.507496,0.310888,-0.024093,0.099874,0.026099,0.078523,-0.233782,0.367353,-0.113570,-1.029497,0.060584,-1.290820,1.177817,0.227552,0.007824,0.050273,0.006840,0.078881,-0.043238,0.438164,0.093975,-1.029497,0.060584,-1.736134,0.169552,0.536336,0.067034,0.076358,0.012034,0.028726,0.294777,-0.105130,-0.323343,-1.029497,0.060584,-1.782391,0.814081,0.343423,-0.016425,0.074369,0.021061,0.079003,-0.228172,0.383942,0.055149,-1.029497,0.060584
1756810462.052268,-0.837961,0.063693,-1.945616,0.521307,0.314101,-0.027641,0.099464,0.019429,0.078624,-0.246172,0.365885,-0.089599,-1.037960,0.063026,-1.291357,1.184116,0.227959,-0.007577,0.044838,0.004596,0.078917,-0.045049,0.436739,0.099542,-1.037960,0.063026,-1.727585,0.183248,0.539366,0.057240,0.110799,0.022177,0.025263,-0.103475,-0.230086,-0.372643,-1.037960,0.063026,-1.786117,0.822708,0.345328,-0.036605,0.050729,0.005134,0.079163,-0.216274,0.378935,0.110366,-1.037960,0.063026
1756810462.273270,-0.848329,0.066978,-1.950045,0.536474,0.316957,-0.029679,0.093750,0.020118,0.078450,-0.228941,0.375090,-0.096924,-1.048328,0.066312,-1.290553,1.191776,0.229113,0.007345,0.046786,0.006752,0.078902,-0.035794,0.439125,0.092593,-1.048328,0.066312,-1.717945,0.200177,0.541777,0.059475,0.103343,0.010227,0.020967,-0.126968,-0.294620,-0.315567,-1.048328,0.066312,-1.790964,0.831213,0.345230,-0.025744,0.063151,0.002166,0.078919,-0.204638,0.381393,0.123257,-1.048328,0.066312
1756810462.526207,-0.854774,0.071329,-1.954047,0.549973,0.319916,-0.025073,0.099269,0.021728,0.078514,-0.401325,0.187979,-0.078770,-1.054773,0.070663,-1.290880,1.197751,0.229902,-0.007370,0.044315,0.008685,0.078942,0.015213,0.448258,0.036274,-1.054773,0.070663,-1.710119,0.215277,0.541244,0.053642,0.106396,-0.036773,0.017246,0.131308,-0.422530,-0.082441,-1.054773,0.070663,-1.793711,0.840929,0.346263,-0.013675,0.070868,0.014450,0.078944,-0.116776,0.431257,0.056029,-1.054773,0.070663
1756810462.782657,-0.860217,0.078760,-1.957124,0.565801,0.323371,-0.017231,0.097756,0.020710,0.073415,-0.400385,0.186441,-0.086337,-1.060216,0.078093,-1.290416,1.206364,0.231288,0.006650,0.057101,0.007496,0.084523,-0.053492,0.446373,-0.018428,-1.060216,0.078093,-1.696872,0.223813,0.533101,0.080324,0.030025,-0.072671,0.003886,0.307339,-0.310725,0.107222,-1.060216,0.078093,-1.795617,0.852924,0.349198,-0.019571,0.067164,0.014119,0.077518,-0.188790,0.406358,0.041440,-1.060216,0.078093
1756810463.026992,-0.866375,0.085752,-1.960336,0.581443,0.325951,-0.021424,0.096508,0.012071,0.078688,-0.392591,0.216783,-0.038083,-1.066374,0.085086,-1.290356,1.214713,0.232602,0.003512,0.051819,0.009122,0.079021,-0.046565,0.432979,-0.029302,-1.066374,0.085086,-1.690086,0.230309,0.522256,0.017541,0.036635,-0.071396,0.007149,0.248178,-0.354542,0.120252,-1.066374,0.085086,-1.799967,0.861848,0.349967,-0.029741,0.054475,0.001701,0.079050,-0.271403,0.349729,0.079530,-1.066374,0.085086
1756810463.288129,-0.874371,0.090255,-1.963504,0.596762,0.327929,-0.030224,0.085276,0.014203,0.072593,-0.409150,-0.158636,-0.099900,-1.074370,0.089589,-1.288970,1.222811,0.233558,0.010591,0.047787,0.003475,0.085707,-0.059950,0.445899,0.013845,-1.074370,0.089589,-1.687820,0.235088,0.510258,0.026373,0.023514,-0.065975,-0.005944,0.203575,-0.385444,0.111818,-1.074370,0.089589,-1.803537,0.871965,0.349895,-0.007921,0.075307,0.002933,0.077186,-0.283182,0.344139,0.063465,-1.074370,0.089589
1756810463.664346,-0.882532,0.095614,-1.969549,0.608741,0.329190,-0.037742,0.067726,0.001951,0.078820,-0.441137,-0.089212,0.003770,-1.082531,0.094947,-1.287734,1.230347,0.234380,0.006162,0.051898,0.004183,0.079076,0.042856,0.440395,0.015714,-1.082531,0.094947,-1.680525,0.238811,0.501075,0.070290,0.009445,-0.043495,-0.000196,0.010138,-0.008336,0.021221,-1.082531,0.094947,-1.803925,0.884532,0.351428,-0.007805,0.082626,0.017766,0.078773,-0.071089,0.441740,0.018040,-1.082531,0.094947
1756810463.916010,-0.891178,0.104046,-1.976090,0.622191,0.329448,-0.032883,0.071194,0.000699,0.079089,-0.345956,0.286349,-0.029315,-1.091176,0.103379,-1.286533,1.241520,0.233594,0.004033,0.055666,-0.009967,0.078736,-0.205503,0.356024,0.183552,-1.091176,0.103379,-1.665714,0.239056,0.489309,0.045335,-0.007856,-0.075142,0.000021,0.004897,0.005117,0.203131,-1.091176,0.103379,-1.807467,0.899484,0.353201,-0.026077,0.061254,-0.003114,0.078948,-0.297427,0.320243,0.107238,-1.091176,0.103379
1756810464.089572,-0.896103,0.111618,-1.980558,0.633033,0.324950,-0.025308,0.034024,-0.043747,0.079065,-0.227610,0.356863,0.152789,-1.096102,0.110948,-1.285929,1.250235,0.231917,0.005416,0.053948,-0.008566,0.078746,-0.014070,0.424637,0.149093,-1.096102,0.110948,-1.660270,0.235408,0.481350,0.038956,-0.055318,0.008885,0.000043,0.022217,-0.016676,-0.202748,-1.096102,0.110948,-1.811864,0.908578,0.352956,-0.016984,0.061379,0.001435,0.079069,-0.175691,0.396229,0.121086,-1.096102,0.110948
1756810464.316945,-0.899305,0.115531,-1.983275,0.635608,0.321142,-0.029598,0.018853,-0.030960,0.079198,-0.306389,0.312557,0.105065,-1.099304,0.114864,-1.285656,1.255966,0.231326,-0.001166,0.059509,-0.001224,0.078525,-0.201614,0.390209,0.099267,-1.099304,0.114864,-1.653628,0.229880,0.482841,0.069802,-0.057197,0.014657,0.000053,0.005744,0.001960,-0.234501,-1.099304,0.114864,-1.813157,0.914851,0.353301,-0.012593,0.060761,0.003917,0.079287,-0.220577,0.373096,0.121207,-1.099304,0.114864
1756810464.579174,-0.904695,0.121295,-1.987792,0.637044,0.316994,-0.039984,-0.016160,-0.035390,0.080837,-0.423251,0.124722,0.088018,-1.104694,0.120626,-1.284548,1.265208,0.231521,0.015630,0.064221,-0.000129,0.076762,-0.121833,0.406792,0.149622,-1.104694,0.120626,-1.646265,0.228364,0.485103,0.031866,0.008612,0.016099,0.002254,0.068965,0.023261,-0.247089,-1.104694,0.120626,-1.814407,0.924103,0.353756,0.022716,0.093123,-0.002214,0.079932,-0.332782,0.283568,0.106489,-1.104694,0.120626
1756810464.782228,-0.907083,0.129131,-1.993313,0.640416,0.309217,-0.029131,0.044221,-0.064625,0.079224,-0.260466,0.269771,0.248773,-1.107082,0.128464,-1.283153,1.274909,0.233667,-0.001248,0.056537,0.026132,0.078497,-0.120043,0.432845,0.030365,-1.107082,0.128464,-1.641391,0.229850,0.487818,0.031081,-0.012296,0.013013,0.000040,0.022304,0.018263,-0.236011,-1.107082,0.128464,-1.815676,0.934298,0.350517,-0.019409,0.057991,-0.026511,0.079270,-0.184865,0.347655,0.218193,-1.107082,0.128464
1756810464.993008,-0.908397,0.135942,-1.995268,0.646329,0.301556,-0.011761,0.049861,-0.057589,0.078971,-0.335823,0.208221,0.215901,-1.108396,0.135275,-1.282163,1.281729,0.236496,0.023035,0.057040,0.024166,0.078544,-0.028708,0.446670,0.046647,-1.108396,0.135275,-1.637776,0.226374,0.488764,0.024234,-0.036776,0.003359,0.000033,0.013150,0.015606,-0.189290,-1.108396,0.135275,-1.817193,0.941502,0.348065,-0.007619,0.060719,-0.015193,0.079261,-0.301249,0.281788,0.180024,-1.108396,0.135275
1756810465.273979,-0.910174,0.143392,-1.997557,0.652798,0.294025,-0.008762,0.055560,-0.057041,0.084813,-0.395187,0.207630,0.057398,-1.110172,0.142718,-1.283030,1.289974,0.240075,-0.018291,0.060752,0.029917,0.072976,-0.131784,0.430031,0.019252,-1.110172,0.142718,-1.632820,0.220261,0.489084,0.039798,-0.042654,0.002245,0.008938,0.004222,0.022143,-0.182741,-1.110172,0.142718,-1.818137,0.949938,0.346416,-0.011085,0.055367,-0.007786,0.081141,-0.377378,0.227478,0.094614,-1.110172,0.142718
1756810465.543623,-0.910827,0.153592,-2.001122,0.656054,0.284425,-0.034456,-0.008071,-0.065567,0.078644,-0.443011,0.000532,0.079859,-1.110826,0.152926,-1.284491,1.300220,0.245123,-0.005741,0.064432,0.030060,0.078766,0.035714,0.436703,-0.059725,-1.110826,0.152926,-1.626375,0.218860,0.490402,0.042388,0.006699,0.010923,-0.000255,0.036427,0.006731,-0.231188,-1.110826,0.152926,-1.819528,0.959715,0.345342,-0.009271,0.059886,-0.011797,0.079234,-0.277104,0.319946,0.156524,-1.110826,0.152926
1756810465.816380,-0.911301,0.164864,-2.005659,0.658938,0.276350,-0.020756,0.034499,-0.044370,0.082908,-0.420599,0.126897,0.097936,-1.111299,0.164196,-1.285995,1.310569,0.249722,0.006962,0.066652,0.030224,0.074817,-0.289279,0.348169,0.017549,-1.111299,0.164196,-1.620990,0.218391,0.491541,0.014989,-0.020996,-0.000422,0.005970,0.002616,0.036117,-0.174899,-1.111299,0.164196,-1.820898,0.969550,0.341914,-0.009060,0.058040,-0.022846,0.080353,-0.311066,0.281556,0.163777,-1.111299,0.164196
1756810466.040531,-0.912002,0.174748,-2.007758,0.666198,0.268424,-0.011669,0.040610,-0.047384,0.078944,-0.333471,0.230529,0.196631,-1.112001,0.174081,-1.282878,1.321796,0.254760,-0.001215,0.062212,0.032343,0.078708,-0.257977,0.368918,-0.001362,-1.112001,0.174081,-1.621477,0.213515,0.490531,0.003232,-0.022651,-0.003772,0.000047,0.001822,0.016110,-0.156952,-1.112001,0.174081,-1.823021,0.978807,0.339153,-0.018354,0.049116,-0.009823,0.079206,-0.314093,0.264722,0.184053,-1.112001,0.174081
1756810466.269497,-0.912656,0.183996,-2.009278,0.672938,0.258816,-0.017326,0.029671,-0.077958,0.078771,-0.274943,0.173375,0.311555,-1.112655,0.183329,-1.285386,1.330515,0.258740,-0.018886,0.062965,0.024946,0.078703,-0.195163,0.404926,0.021305,-1.112655,0.183329,-1.617323,0.211438,0.490973,0.056490,-0.002371,0.011002,0.000049,-0.000278,0.029323,-0.232072,-1.112655,0.183329,-1.827090,0.984286,0.337646,-0.030167,0.040095,-0.009152,0.079171,-0.343918,0.236844,0.168115,-1.112655,0.183329
1756810466.470244,-0.913449,0.193541,-2.014113,0.672924,0.249220,-0.039455,-0.014852,-0.064330,0.078772,-0.291884,0.232049,0.307105,-1.113448,0.192875,-1.285425,1.339547,0.261204,0.027756,0.066584,0.010666,0.078609,-0.228726,0.378877,0.082206,-1.113448,0.192875,-1.608858,0.211857,0.492712,0.058176,0.000943,0.011424,0.000051,-0.000110,0.026906,-0.237565,-1.113448,0.192875,-1.830465,0.990980,0.335539,-0.017076,0.053037,-0.022725,0.079124,-0.368750,0.180442,0.230761,-1.113448,0.192875
1756810466.693709,-0.914168,0.200376,-2.018747,0.672139,0.243098,-0.032944,0.008600,-0.040831,0.078908,-0.359448,0.197147,0.190120,-1.114167,0.199709,-1.285317,1.346872,0.262932,-0.016726,0.058345,0.016836,0.078931,-0.273544,0.352711,0.062359,-1.114167,0.199709,-1.607131,0.209501,0.492549,-0.013548,-0.028284,-0.008402,0.000022,-0.005636,0.018502,-0.137240,-1.114167,0.199709,-1.831960,0.997292,0.332649,-0.013432,0.047645,-0.018042,0.079088,-0.318707,0.235184,0.214544,-1.114167,0.199709
1756810466.915144,-0.915054,0.207894,-2.021403,0.675277,0.239053,-0.016301,0.038182,-0.031307,0.078956,-0.361073,0.233470,0.140211,-1.115053,0.207227,-1.288287,1.353292,0.264927,-0.027479,0.051159,0.019465,0.078705,-0.281364,0.348330,0.050242,-1.115053,0.207227,-1.610723,0.206675,0.491282,-0.039194,-0.015223,-0.010464,0.000055,-0.009486,0.022469,-0.125125,-1.115053,0.207227,-1.834424,1.002815,0.331471,-0.026742,0.045554,-0.005728,0.079001,-0.399901,0.142859,0.149164,-1.115053,0.207227
1756810467.139207,-0.916185,0.216762,-2.023479,0.680634,0.233410,-0.009015,0.041985,-0.042624,0.078740,-0.413752,0.041821,0.172163,-1.116184,0.216095,-1.292898,1.361065,0.267568,-0.029497,0.058115,0.017622,0.078768,-0.361895,0.260759,0.059807,-1.116184,0.216095,-1.607596,0.209716,0.492486,0.067857,0.037384,0.020138,0.000037,-0.003245,0.026388,-0.280424,-1.116184,0.216095,-1.838818,1.008688,0.331002,-0.039079,0.030628,-0.010038,0.079108,-0.339906,0.257292,0.144228,-1.116184,0.216095
1756810467.381130,-0.917370,0.225273,-2.026110,0.684831,0.229158,-0.027465,0.016529,-0.019019,0.082769,-0.420927,0.028870,0.042023,-1.117369,0.224606,-1.294775,1.369012,0.269786,-0.012497,0.055091,0.015774,0.075054,-0.448445,-0.010822,0.059291,-1.117369,0.224606,-1.596670,0.211558,0.494705,0.048710,-0.023213,0.002859,0.006435,-0.004979,0.030108,-0.197389,-1.117369,0.224606,-1.843843,1.012693,0.328790,-0.034829,0.029081,-0.016981,0.080389,-0.429761,0.000452,0.134654,-1.117369,0.224606
1756810467.659321,-0.918653,0.233322,-2.030671,0.686324,0.226874,-0.033092,0.008407,-0.014657,0.078931,-0.443083,0.076902,0.015278,-1.118652,0.232655,-1.298029,1.376261,0.271919,-0.026165,0.052243,0.013865,0.078771,-0.417232,-0.167677,0.017250,-1.118652,0.232655,-1.598397,0.204553,0.492919,-0.042926,-0.058086,-0.019603,0.000068,-0.008502,0.022468,-0.084267,-1.118652,0.232655,-1.847185,1.017914,0.326813,-0.021555,0.037766,-0.005202,0.078943,-0.413643,0.143896,0.103400,-1.118652,0.232655
1756810467.841510,-0.920531,0.243736,-2.034773,0.691769,0.224344,-0.019840,0.028552,-0.021333,0.078916,-0.417833,0.075200,0.150003,-1.120530,0.243069,-1.305226,1.384473,0.274290,-0.046641,0.041851,0.012492,0.078744,-0.377263,0.237710,0.060556,-1.120530,0.243069,-1.606962,0.203733,0.491276,-0.000329,0.055347,0.012528,0.000067,-0.000289,0.007179,-0.240298,-1.120530,0.243069,-1.853875,1.023408,0.327080,-0.045764,0.024007,-0.002399,0.079085,-0.347976,0.241681,0.152030,-1.120530,0.243069
1756810468.030152,-0.921651,0.249412,-2.036800,0.694245,0.221727,-0.015732,0.032626,-0.025510,0.078804,-0.410359,0.082151,0.165810,-1.121650,0.248746,-1.310161,1.388910,0.274142,-0.050789,0.035004,-0.013247,0.078750,-0.361006,0.210927,0.166388,-1.121650,0.248746,-1.601126,0.211289,0.493910,0.088061,0.057329,0.026792,0.000070,0.000101,0.006393,-0.316878,-1.121650,0.248746,-1.858005,1.026018,0.325776,-0.029741,0.040528,-0.029914,0.079144,-0.317407,0.209744,0.240552,-1.121650,0.248746
1756810468.288592,-0.922914,0.254002,-2.039678,0.696503,0.219095,-0.024162,0.010033,-0.018459,0.077796,-0.396654,0.192796,0.090460,-1.122913,0.253335,-1.316722,1.390988,0.272148,-0.057056,0.007465,-0.018210,0.079489,-0.411769,0.029602,0.179232,-1.122913,0.253335,-1.592889,0.210348,0.494990,0.037152,-0.062668,-0.007914,-0.001489,-0.007445,0.034372,-0.145837,-1.122913,0.253335,-1.862201,1.027942,0.322023,-0.042071,-0.010021,-0.031800,0.078871,-0.402658,0.082197,0.183404,-1.122913,0.253335
1756810468.503852,-0.924900,0.256795,-2.043992,0.696321,0.216219,-0.024962,-0.001811,-0.016858,0.079191,-0.422006,0.085145,0.131542,-1.124899,0.256129,-1.325366,1.390584,0.268895,-0.058160,-0.022241,-0.005244,0.078185,-0.361133,0.230555,0.137578,-1.124899,0.256129,-1.596174,0.196540,0.491501,-0.079320,-0.081986,-0.029215,0.000083,-0.004254,0.001716,-0.031603,-1.124899,0.256129,-1.867499,1.028220,0.318734,-0.031981,0.009738,-0.008732,0.079333,-0.388872,0.148318,0.171769,-1.124899,0.256129
1756810468.842494,-0.927770,0.258965,-2.047372,0.697084,0.214086,-0.033358,0.013860,-0.020178,0.079013,-0.416241,0.093294,0.143671,-1.127769,0.258298,-1.333268,1.391177,0.269777,-0.072212,0.021171,0.016830,0.078321,-0.361388,0.264413,0.044552,-1.127769,0.258298,-1.602960,0.200599,0.491858,-0.021123,0.122396,0.031985,0.000088,-0.018373,0.047402,-0.338893,-1.127769,0.258298,-1.872013,1.029650,0.317656,-0.037149,0.014458,-0.014609,0.079461,-0.374579,0.166282,0.186331,-1.127769,0.258298
1756810469.131752,-0.933990,0.262961,-2.054506,0.700876,0.209286,-0.029714,0.021285,-0.021957,0.078841,-0.419829,0.088280,0.135885,-1.133989,0.262295,-1.346125,1.393737,0.270393,-0.067278,-0.010818,-0.002753,0.078736,-0.387301,0.188718,0.130680,-1.133989,0.262295,-1.585068,0.219495,0.498960,0.088406,-0.079017,-0.006664,0.000084,-0.021162,0.055073,-0.159015,-1.133989,0.262295,-1.877878,1.034730,0.310405,-0.027808,0.021039,-0.052728,0.079198,-0.343962,0.084306,0.277710,-1.133989,0.262295
1756810469.332055,-0.936705,0.265414,-2.058501,0.703900,0.206714,-0.017844,0.001756,-0.007965,0.079184,-0.428746,0.082482,0.109485,-1.136704,0.264747,-1.359953,1.391101,0.269879,-0.074871,-0.008642,-0.001967,0.078323,-0.354647,0.255879,0.106349,-1.136704,0.264747,-1.587690,0.191012,0.492196,-0.110914,-0.114545,-0.040311,0.000090,-0.007137,0.006439,0.022635,-1.136704,0.264747,-1.884180,1.034032,0.303743,-0.034675,-0.008920,-0.021801,0.079291,-0.364650,0.162304,0.208124,-1.136704,0.264747
1756810469.528103,-0.938845,0.266333,-2.061129,0.703567,0.205950,-0.028225,-0.000919,-0.006660,0.079159,-0.414779,0.141982,0.101913,-1.138844,0.265666,-1.368802,1.389564,0.270769,-0.077223,-0.006626,0.020666,0.078274,-0.341782,0.291812,0.023049,-1.138844,0.265666,-1.602023,0.190612,0.490564,-0.089702,0.121024,0.022024,0.000095,-0.005181,0.011814,-0.286472,-1.138844,0.265666,-1.888608,1.033207,0.301896,-0.039061,-0.005324,-0.014303,0.079428,-0.350343,0.213357,0.185462,-1.138844,0.265666
1756810469.745332,-0.943594,0.268478,-2.066372,0.704190,0.204910,-0.051161,0.007207,-0.011937,0.078831,-0.422011,0.094840,0.124360,-1.143593,0.267812,-1.378672,1.390320,0.274310,-0.084187,0.018255,0.025396,0.078690,-0.342374,0.292028,0.000707,-1.143593,0.267812,-1.600243,0.217511,0.497699,0.085318,0.204901,0.059010,0.000105,0.000174,0.001540,-0.449997,-1.143593,0.267812,-1.893924,1.033568,0.299285,-0.049745,0.009705,-0.030998,0.079089,-0.341533,0.167846,0.240362,-1.143593,0.267812
1756810469.933914,-0.947898,0.270012,-2.071291,0.705571,0.202880,-0.037034,0.018769,-0.019199,0.079079,-0.403755,0.133556,0.147290,-1.147897,0.269345,-1.387875,1.391237,0.276164,-0.075696,-0.010519,0.013419,0.078861,-0.391933,0.217547,0.041340,-1.147897,0.269345,-1.591002,0.219944,0.499198,0.071303,-0.201519,-0.034261,0.000100,-0.001651,0.005097,-0.021288,-1.147897,0.269345,-1.898772,1.034449,0.294399,-0.033614,0.012588,-0.039981,0.079011,-0.343583,0.125428,0.262509,-1.147897,0.269345
1756810470.154188,-0.950519,0.270976,-2.074091,0.706405,0.201504,-0.020978,0.001196,-0.010365,0.079239,-0.420370,0.108772,0.118305,-1.150517,0.270310,-1.395787,1.390010,0.277732,-0.080821,-0.006751,0.014075,0.078647,-0.313435,0.320700,0.037630,-1.150517,0.270310,-1.586072,0.191370,0.492832,-0.027825,-0.304411,-0.080806,0.000099,-0.005200,0.005798,0.224272,-1.150517,0.270310,-1.902085,1.035122,0.291247,-0.032933,0.001379,-0.024455,0.079074,-0.338063,0.199142,0.220460,-1.150517,0.270310
1756810470.362246,-0.954725,0.272243,-2.077417,0.706623,0.200731,-0.027893,0.007121,0.003847,0.079038,-0.418855,0.148521,0.071236,-1.154723,0.271576,-1.407052,1.389728,0.279826,-0.078662,-0.003642,0.017296,0.078783,-0.329406,0.305841,0.021976,-1.154723,0.271576,-1.601034,0.175971,0.487326,-0.160079,0.187689,0.044528,0.000097,-0.008154,0.017343,-0.392911,-1.154723,0.271576,-1.907311,1.034747,0.289883,-0.040853,-0.004034,0.001039,0.079028,-0.384459,0.187454,0.140427,-1.154723,0.271576
