timestamp,actual_load_x,actual_load_y,drone1_pose_x,drone1_pose_y,drone1_pose_z,drone1_velocity_x,drone1_velocity_y,drone1_velocity_z,cable1_tension
1756070265.091278,0.200014,-0.000014,-0.971186,-0.000914,0.502448,0.008748,-0.000106,-0.033955,0.000362
1756070265.190117,0.200014,-0.000014,-0.970366,-0.000918,0.498571,0.010704,-0.000052,-0.057223,0.000359
1756070265.289280,0.200014,-0.000014,-0.966536,-0.001057,0.489698,0.014986,-0.005257,-0.089251,0.000352
1756070265.387930,0.200014,-0.000014,-0.970991,-0.000667,0.479910,-0.062345,0.001409,-0.087917,0.000352
1756070265.486231,0.200014,-0.000014,-0.977485,-0.000686,0.474098,-0.062986,-0.001638,-0.040247,0.000354
1756070265.586412,0.200014,-0.000014,-0.982754,-0.001142,0.472655,-0.067261,-0.006346,0.013950,0.000358
1756070265.710782,0.197719,-0.000014,-0.991460,-0.001421,0.475758,-0.096417,-0.002716,0.036073,0.000364
1756070265.804495,0.185262,-0.000014,-1.001865,-0.002044,0.480339,-0.110527,0.002498,0.049242,0.000365
1756070265.899174,0.166701,-0.000014,-1.011966,0.000506,0.481150,-0.112209,-0.024751,0.019897,0.000359
1756070266.042640,0.155364,-0.000014,-1.022207,-0.008064,0.475778,-0.099940,-0.058661,-0.056605,0.000356
1756070266.105830,0.154343,-0.000014,-1.032213,-0.008071,0.468539,-0.107820,-0.047203,-0.035286,0.000361
1756070266.190585,0.152061,-0.000014,-1.041412,-0.017569,0.460322,-0.089062,-0.044152,-0.062109,0.000363
1756070266.315986,0.140102,-0.000014,-1.051950,-0.015533,0.452514,-0.130303,-0.019034,-0.030249,0.000359
1756070266.405545,0.121622,-0.000014,-1.066108,-0.020743,0.454804,-0.204582,-0.113036,0.059350,0.000357
1756070266.530685,0.103026,-0.000014,-1.083025,-0.036721,0.454203,-0.138235,-0.133115,-0.015354,0.000356
1756070266.658215,0.090360,-0.000014,-1.097191,-0.044424,0.458309,-0.162556,-0.057622,0.091340,0.000360
1756070266.720412,0.074609,-0.000014,-1.114543,-0.049648,0.469440,-0.170472,-0.070047,0.125612,0.000366
1756070266.795715,0.051453,-0.000014,-1.130717,-0.058761,0.482246,-0.157456,-0.100778,0.126068,0.000367
1756070266.910988,0.027788,-0.000014,-1.145060,-0.069231,0.491547,-0.142311,-0.075358,0.094108,0.000365
1756070267.032147,0.009810,-0.000014,-1.160481,-0.073847,0.501764,-0.157444,-0.044000,0.107115,0.000368
1756070267.109438,-0.002478,-0.000014,-1.175257,-0.078462,0.511767,-0.135232,-0.055455,0.092482,0.000375
1756070267.189767,-0.017775,-0.000014,-1.188431,-0.084652,0.520596,-0.133037,-0.055123,0.084007,0.000379
1756070267.281889,-0.037307,-0.000014,-1.200926,-0.089394,0.526322,-0.132391,-0.009409,0.053809,0.000377
1756070267.396374,-0.055716,-0.000014,-1.214224,-0.087656,0.529090,-0.133712,-0.002545,0.033478,0.000374
1756070267.514931,-0.067840,-0.000014,-1.227513,-0.089413,0.532969,-0.132366,-0.014499,0.042309,0.000378
1756070267.596355,-0.073840,-0.000014,-1.237795,-0.090416,0.536203,-0.123072,-0.009742,0.037699,0.000383
1756070267.688456,-0.086522,-0.000014,-1.249452,-0.091395,0.539463,-0.118365,-0.013979,0.030321,0.000384
1756070267.786281,-0.104650,-0.000014,-1.261743,-0.092903,0.541910,-0.121794,-0.011892,0.016468,0.000381
1756070267.893087,-0.121244,-0.000014,-1.274085,-0.093546,0.542866,-0.125513,-0.004140,0.007376,0.000379
1756070267.991752,-0.128011,-0.000014,-1.286120,-0.094180,0.542348,-0.103825,-0.008833,-0.012809,0.000383
1756070268.246822,-0.132980,-0.000014,-1.295240,-0.095496,0.539525,-0.079011,-0.012812,-0.032909,0.000385
1756070268.340385,-0.132980,-0.000014,-1.295240,-0.095496,0.539525,-0.079011,-0.012812,-0.032909,0.000385
1756070268.365440,-0.138023,-0.000014,-1.300586,-0.096102,0.536737,-0.060255,-0.002668,-0.038991,0.000384
1756070268.402524,-0.152782,-0.000014,-1.315513,-0.095472,0.524610,-0.053750,-0.008395,-0.071944,0.000379
1756070268.507040,-0.153207,-0.000014,-1.320323,-0.096961,0.518862,-0.055961,-0.015256,-0.055405,0.000380
1756070268.638620,-0.153803,-0.000014,-1.325167,-0.098105,0.506891,-0.020618,-0.004542,-0.131386,0.000377
1756070268.685740,-0.153852,-0.000014,-1.325616,-0.098049,0.495494,0.003110,0.000812,-0.103487,0.000372
1756070268.786672,-0.153852,-0.000014,-1.325435,-0.098840,0.486513,-0.024706,-0.012001,-0.087172,0.000368
1756070268.890177,-0.153852,-0.000014,-1.328266,-0.100145,0.477122,-0.024661,-0.014048,-0.116468,0.000366
1756070268.989282,-0.153852,-0.000014,-1.328109,-0.100452,0.467311,0.005308,-0.000829,-0.081772,0.000362
1756070269.087942,-0.153852,-0.000014,-1.328140,-0.100558,0.461217,-0.004933,-0.003724,-0.049811,0.000359
1756070269.189961,-0.153852,-0.000014,-1.329186,-0.101506,0.456727,-0.009742,-0.010424,-0.039426,0.000358
1756070269.288966,-0.153852,-0.000014,-1.329520,-0.102213,0.454334,-0.005429,-0.005378,-0.014402,0.000358
1756070269.386754,-0.153852,-0.000014,-1.330368,-0.102383,0.453673,-0.014889,-0.001432,-0.003720,0.000358
1756070269.487671,-0.153852,-0.000014,-1.332444,-0.102699,0.453482,-0.024245,-0.003266,-0.001768,0.000360
1756070269.589836,-0.153852,-0.000014,-1.334766,-0.103282,0.454016,-0.028071,-0.007042,0.008765,0.000362
1756070269.707382,-0.153853,-0.000014,-1.338167,-0.104019,0.455793,-0.040545,-0.007247,0.020874,0.000365
1756070269.808556,-0.156306,-0.000014,-1.342556,-0.104414,0.458162,-0.049028,-0.002275,0.024137,0.000367
1756070269.892195,-0.164329,-0.000014,-1.348706,-0.104809,0.461725,-0.071905,-0.009202,0.039424,0.000367
1756070269.989676,-0.177201,-0.000014,-1.357163,-0.106212,0.466354,-0.100723,-0.011408,0.047675,0.000366
1756070270.093474,-0.187832,-0.000014,-1.365540,-0.106927,0.469789,-0.102221,-0.007185,0.038584,0.000366
1756070270.197818,-0.196793,-0.000014,-1.374970,-0.107362,0.471059,-0.076496,-0.004076,0.003484,0.000368
1756070270.327235,-0.200311,-0.000014,-1.380612,-0.108070,0.471945,-0.050464,-0.007092,0.011887,0.000370
1756070270.398423,-0.205388,-0.000014,-1.386104,-0.108917,0.471706,-0.049863,-0.009614,-0.007543,0.000370
1756070270.494866,-0.211978,-0.000014,-1.390310,-0.109365,0.470050,-0.030100,-0.001058,-0.024499,0.000367
1756070270.587979,-0.215260,-0.000014,-1.392436,-0.109198,0.466686,-0.016909,0.002449,-0.039211,0.000365
1756070270.687082,-0.215260,-0.000014,-1.394269,-0.109427,0.462320,-0.010174,-0.004228,-0.042872,0.000365
1756070270.787668,-0.215260,-0.000014,-1.394576,-0.109851,0.458192,0.004508,-0.002562,-0.039789,0.000363
1756070270.889247,-0.215260,-0.000014,-1.393335,-0.109617,0.454547,0.013265,0.003560,-0.035304,0.000361
1756070270.987324,-0.215260,-0.000014,-1.392303,-0.109260,0.451224,0.009488,0.002795,-0.031056,0.000358
1756070271.089037,-0.215260,-0.000014,-1.391185,-0.109223,0.448524,0.012483,-0.000379,-0.024762,0.000356
1756070271.191113,-0.215260,-0.000014,-1.390150,-0.109349,0.446959,0.005028,-0.001153,-0.010243,0.000355
1756070271.289734,-0.215260,-0.000014,-1.389915,-0.109329,0.446275,0.001326,0.000478,-0.005833,0.000354
1756070271.387929,-0.215261,-0.000014,-1.390241,-0.109159,0.446394,-0.009804,0.001137,0.005400,0.000354
1756070271.489019,-0.215261,-0.000014,-1.391386,-0.109160,0.447179,-0.018281,-0.001030,0.010956,0.000355
1756070271.588210,-0.215261,-0.000014,-1.393442,-0.109469,0.448846,-0.027074,-0.004808,0.020111,0.000358
1756070271.687116,-0.215261,-0.000014,-1.396867,-0.109956,0.451497,-0.040897,-0.004493,0.028780,0.000361
1756070271.808127,-0.215556,-0.000014,-1.401091,-0.110121,0.454691,-0.047188,-0.000389,0.032205,0.000366
1756070271.908814,-0.220006,-0.000014,-1.406689,-0.110386,0.458919,-0.066509,-0.005907,0.046587,0.000368
1756070272.028713,-0.233651,-0.000014,-1.414681,-0.111690,0.464112,-0.095855,-0.011062,0.053832,0.000366
1756070272.103392,-0.250579,-0.000014,-1.425365,-0.111976,0.470038,-0.114273,0.000343,0.059383,0.000365
1756070272.205032,-0.262019,-0.000014,-1.437354,-0.111724,0.477161,-0.129247,-0.006869,0.076564,0.000368
1756070272.290293,-0.271222,-0.000014,-1.450603,-0.113478,0.485384,-0.136147,-0.014218,0.081283,0.000376
1756070272.403296,-0.287654,-0.000014,-1.463788,-0.114658,0.491012,-0.119556,-0.001037,0.046016,0.000376
1756070272.489817,-0.306789,-0.000014,-1.473880,-0.114067,0.491081,-0.083707,0.002357,-0.024859,0.000369
1756070272.588893,-0.314177,-0.000014,-1.479946,-0.114477,0.482810,-0.027517,-0.004115,-0.092424,0.000365
1756070272.688344,-0.314177,-0.000014,-1.480778,-0.114657,0.475934,0.002104,-0.000896,-0.081425,0.000362
1756070272.788759,-0.314177,-0.000014,-1.480107,-0.114461,0.468612,0.020181,0.002298,-0.055150,0.000358
1756070272.886435,-0.314177,-0.000014,-1.476226,-0.114122,0.465468,0.055845,0.006356,-0.015847,0.000354
1756070272.989235,-0.314177,-0.000014,-1.469352,-0.113265,0.465624,0.079044,0.010350,0.013856,0.000348
1756070273.087070,-0.314177,-0.000014,-1.460565,-0.112162,0.469174,0.102942,0.011462,0.052946,0.000342
1756070273.189364,-0.314177,-0.000014,-1.448843,-0.110933,0.476146,0.129268,0.013517,0.078331,0.000335
1756070273.287039,-0.314177,-0.000014,-1.435203,-0.109431,0.484513,0.142148,0.015652,0.085149,0.000328
1756070273.388159,-0.314177,-0.000014,-1.420635,-0.107843,0.492885,0.147150,0.015711,0.081993,0.000319
1756070273.490211,-0.314177,-0.000014,-1.406104,-0.106244,0.500810,0.142738,0.016192,0.077873,0.000311
1756070273.591470,-0.314177,-0.000014,-1.391939,-0.104632,0.508256,0.141361,0.016024,0.071510,0.000302
1756070273.688152,-0.314177,-0.000014,-1.377831,-0.103023,0.514770,0.140660,0.015949,0.060192,0.000294
1756070273.788141,-0.314177,-0.000014,-1.364183,-0.101508,0.520234,0.130667,0.014558,0.051129,0.000285
1756070273.887122,-0.314177,-0.000014,-1.351546,-0.100085,0.524632,0.123761,0.013588,0.038571,0.000277
1756070273.988595,-0.314177,-0.000014,-1.341911,-0.099022,0.527110,0.114546,0.012892,0.025370,0.000270
1756070274.086603,-0.314177,-0.000014,-1.331339,-0.097742,0.528713,0.096467,0.012104,0.008929,0.000262
1756070274.188058,-0.314177,-0.000014,-1.322243,-0.096619,0.528823,0.083975,0.010677,-0.005273,0.000255
1756070274.288195,-0.314177,-0.000014,-1.314195,-0.095568,0.527386,0.071728,0.009699,-0.021666,0.000248
1756070274.387163,-0.314177,-0.000014,-1.307870,-0.094729,0.524409,0.053177,0.007234,-0.036031,0.000241
1756070274.486742,-0.314177,-0.000014,-1.303162,-0.094072,0.520286,0.038495,0.005967,-0.045686,0.000235
1756070274.588777,-0.314177,-0.000014,-1.299645,-0.093536,0.515408,0.026006,0.004301,-0.051389,0.000230
1756070274.689765,-0.314177,-0.000014,-1.297691,-0.093137,0.510283,0.009496,0.003029,-0.051682,0.000226
1756070274.787738,-0.314177,-0.000014,-1.297405,-0.092938,0.505546,-0.006611,0.000742,-0.045371,0.000223
1756070274.888921,-0.314177,-0.000014,-1.298642,-0.092959,0.501810,-0.022138,-0.001122,-0.032532,0.000223
1756070274.985815,-0.314177,-0.000014,-1.301695,-0.093124,0.499693,-0.041082,-0.002398,-0.014774,0.000224
1756070275.087295,-0.314177,-0.000014,-1.306816,-0.093450,0.499528,-0.061927,-0.004072,0.005712,0.000228
1756070275.186772,-0.314177,-0.000014,-1.314218,-0.094003,0.501659,-0.085964,-0.006528,0.030162,0.000235
1756070275.286287,-0.314177,-0.000014,-1.324144,-0.094906,0.506373,-0.111559,-0.011063,0.055984,0.000245
1756070275.388348,-0.314177,-0.000014,-1.333915,-0.095823,0.511475,-0.130133,-0.011861,0.066321,0.000255
1756070275.488286,-0.314177,-0.000014,-1.347646,-0.097061,0.518175,-0.141200,-0.012874,0.067622,0.000270
1756070275.589835,-0.314177,-0.000014,-1.361778,-0.098292,0.524762,-0.139456,-0.011732,0.063801,0.000284
1756070275.687250,-0.314177,-0.000014,-1.375478,-0.099463,0.530898,-0.135915,-0.011508,0.059691,0.000298
1756070275.786515,-0.314177,-0.000014,-1.389098,-0.100551,0.536562,-0.136285,-0.010131,0.054467,0.000312
1756070275.886933,-0.314177,-0.000014,-1.402561,-0.101545,0.541654,-0.132157,-0.009775,0.047825,0.000325
1756070275.987596,-0.314177,-0.000014,-1.415544,-0.102506,0.546046,-0.128321,-0.009185,0.040888,0.000338
1756070276.087136,-0.314177,-0.000014,-1.428317,-0.103502,0.549685,-0.127146,-0.010501,0.033379,0.000350
1756070276.189043,-0.314177,-0.000014,-1.440793,-0.104529,0.552629,-0.122124,-0.009857,0.026376,0.000361
1756070276.291203,-0.314177,-0.000014,-1.452710,-0.105413,0.554866,-0.116411,-0.007943,0.018480,0.000372
1756070276.386653,-0.314177,-0.000014,-1.464019,-0.105995,0.556128,-0.109226,-0.004653,0.008111,0.000382
1756070276.519520,-0.315694,-0.000014,-1.473901,-0.106474,0.556265,-0.091405,-0.006431,-0.003327,0.000388
1756070276.599747,-0.327237,-0.000014,-1.483510,-0.107499,0.555831,-0.102658,-0.011474,-0.006313,0.000387
1756070276.683644,-0.342854,-0.000014,-1.492055,-0.108201,0.554761,-0.110473,-0.005701,-0.018848,0.000381
1756070276.789848,-0.358397,-0.000014,-1.504065,-0.108229,0.553613,-0.125644,-0.004487,-0.003643,0.000378
1756070276.908131,-0.362979,-0.000014,-1.516043,-0.110053,0.553684,-0.113733,-0.017056,0.004601,0.000385
1756070277.004295,-0.369134,-0.000014,-1.526994,-0.110979,0.554438,-0.109708,-0.009146,0.010497,0.000389
1756070277.087688,-0.383750,-0.000014,-1.537937,-0.111794,0.555097,-0.110532,-0.002570,0.000680,0.000387
1756070277.187240,-0.402338,-0.000014,-1.549588,-0.111772,0.554691,-0.120260,0.000710,-0.007363,0.000382
1756070277.294673,-0.412906,-0.000014,-1.561543,-0.111889,0.553215,-0.114599,-0.003233,-0.018996,0.000382
1756070277.403370,-0.415633,-0.000014,-1.572131,-0.112263,0.549931,-0.087093,0.000191,-0.036887,0.000387
1756070277.511505,-0.420226,-0.000014,-1.579566,-0.111664,0.545709,-0.069080,0.013524,-0.045358,0.000387
1756070277.614930,-0.428927,-0.000014,-1.586417,-0.110061,0.541009,-0.065082,0.006148,-0.049981,0.000383
1756070277.733028,-0.437736,-0.000014,-1.593227,-0.110343,0.537396,-0.088815,0.000726,-0.023515,0.000380
1756070277.804929,-0.442704,-0.000014,-1.602552,-0.109678,0.533486,-0.077210,0.009119,-0.041847,0.000382
1756070277.896214,-0.445747,-0.000014,-1.610083,-0.108906,0.530730,-0.090175,-0.002922,-0.031265,0.000384
1756070278.003340,-0.449707,-0.000014,-1.616388,-0.109904,0.523699,-0.056705,-0.007030,-0.106289,0.000382
1756070278.095682,-0.456005,-0.000014,-1.620159,-0.108678,0.512974,-0.029654,0.015025,-0.101401,0.000375
1756070278.189058,-0.458548,-0.000014,-1.622714,-0.107990,0.503595,-0.024364,0.008360,-0.088934,0.000371
1756070278.288929,-0.458548,-0.000014,-1.625944,-0.106903,0.491032,-0.015643,0.007230,-0.131684,0.000368
1756070278.386722,-0.458548,-0.000014,-1.625088,-0.106018,0.480368,0.019685,0.009400,-0.090613,0.000362
1756070278.490445,-0.458548,-0.000014,-1.622585,-0.105212,0.472592,0.028561,0.007577,-0.069470,0.000357
1756070278.586964,-0.458548,-0.000014,-1.619961,-0.104387,0.467177,0.030224,0.008646,-0.040731,0.000352
1756070278.688189,-0.458548,-0.000014,-1.616209,-0.103356,0.464086,0.040801,0.010148,-0.025580,0.000348
1756070278.787653,-0.458548,-0.000014,-1.611766,-0.102435,0.462128,0.043058,0.008242,-0.016785,0.000343
1756070278.888025,-0.458548,-0.000014,-1.607907,-0.101780,0.460558,0.036245,0.006054,-0.014827,0.000339
1756070278.991122,-0.458548,-0.000014,-1.604297,-0.101149,0.459423,0.034268,0.005755,-0.009615,0.000336
1756070279.087512,-0.458548,-0.000014,-1.600987,-0.100554,0.458489,0.031122,0.005928,-0.009704,0.000332
1756070279.186951,-0.458548,-0.000014,-1.598255,-0.099982,0.457805,0.025750,0.005193,-0.005164,0.000330
1756070279.286555,-0.458548,-0.000014,-1.596419,-0.099609,0.457821,0.017226,0.004172,0.003006,0.000328
1756070279.386202,-0.458548,-0.000014,-1.595439,-0.099264,0.458207,0.002510,0.002124,0.002637,0.000328
1756070279.487111,-0.458548,-0.000014,-1.595829,-0.099173,0.458770,-0.011385,0.000369,0.007419,0.000328
1756070279.589123,-0.458548,-0.000014,-1.597423,-0.099166,0.460156,-0.024421,-0.000733,0.017705,0.000330
1756070279.688432,-0.458549,-0.000014,-1.600585,-0.099284,0.462612,-0.041610,-0.001751,0.027697,0.000333
1756070279.788097,-0.458549,-0.000014,-1.605649,-0.099558,0.466158,-0.060454,-0.003906,0.038924,0.000339
1756070279.886574,-0.458549,-0.000014,-1.612387,-0.100053,0.471015,-0.078099,-0.005859,0.053198,0.000346
1756070279.989033,-0.458549,-0.000014,-1.621063,-0.100731,0.477464,-0.098502,-0.008234,0.069097,0.000356
1756070280.091387,-0.458549,-0.000014,-1.631758,-0.101629,0.485353,-0.114692,-0.009403,0.079431,0.000368
1756070280.196020,-0.462104,-0.000014,-1.642891,-0.102436,0.492942,-0.112913,-0.007240,0.072849,0.000377
1756070280.290884,-0.479357,-0.000014,-1.655309,-0.103372,0.500427,-0.130332,-0.012909,0.071315,0.000377
1756070280.388349,-0.508220,-0.000014,-1.669523,-0.104854,0.506791,-0.152384,-0.008505,0.058693,0.000369
1756070280.493043,-0.527740,-0.000014,-1.685098,-0.104841,0.512557,-0.162711,0.009945,0.043509,0.000370
1756070280.589997,-0.530665,-0.000014,-1.697564,-0.103566,0.509666,-0.075883,0.021846,-0.038530,0.000376
1756070280.745351,-0.530681,-0.000014,-1.702116,-0.101498,0.507660,-0.048114,0.028840,-0.018382,0.000378
1756070280.823924,-0.531591,-0.000014,-1.707273,-0.098597,0.499987,-0.024002,0.019275,-0.109392,0.000378
1756070280.929246,-0.533795,-0.000014,-1.708401,-0.097466,0.488104,0.004850,0.013826,-0.115519,0.000371
1756070280.987777,-0.533952,-0.000014,-1.703839,-0.094805,0.473091,0.030033,0.013095,-0.152737,0.000361
1756070281.086154,-0.533952,-0.000014,-1.704433,-0.093572,0.463467,-0.036141,0.009589,-0.061581,0.000358
1756070281.189801,-0.533952,-0.000014,-1.711093,-0.092824,0.450715,-0.042979,0.000308,-0.146326,0.000358
1756070281.286749,-0.533952,-0.000014,-1.710793,-0.092697,0.437831,0.014525,0.001540,-0.097450,0.000352
1756070281.386230,-0.533952,-0.000014,-1.709650,-0.092057,0.432187,0.001527,0.007708,-0.033016,0.000349
1756070281.487175,-0.533952,-0.000014,-1.710862,-0.091621,0.429856,-0.005441,0.000321,-0.008774,0.000349
1756070281.586232,-0.533952,-0.000014,-1.710115,-0.091673,0.430436,0.008503,0.001180,0.014633,0.000348
1756070281.688563,-0.533952,-0.000014,-1.709412,-0.091376,0.432819,-0.000806,0.001941,0.026618,0.000349
1756070281.789999,-0.533952,-0.000014,-1.710076,-0.091210,0.435149,-0.005774,0.001496,0.020701,0.000350
1756070281.889882,-0.533952,-0.000014,-1.710927,-0.091041,0.437683,-0.012975,0.001606,0.027610,0.000351
1756070281.987437,-0.533952,-0.000014,-1.712213,-0.090977,0.440087,-0.020083,-0.000254,0.029681,0.000353
1756070282.090741,-0.533952,-0.000014,-1.714639,-0.091205,0.443206,-0.030728,-0.003778,0.031501,0.000356
1756070282.190383,-0.533952,-0.000014,-1.718243,-0.091556,0.446727,-0.041170,-0.002935,0.035990,0.000361
1756070282.322997,-0.534156,-0.000014,-1.722390,-0.091586,0.450641,-0.046159,0.000800,0.039490,0.000365
1756070282.395604,-0.538124,-0.000014,-1.727922,-0.091715,0.455275,-0.065728,-0.004020,0.048764,0.000368
1756070282.486710,-0.550787,-0.000014,-1.735597,-0.092880,0.460658,-0.090796,-0.005462,0.057542,0.000367
1756070282.608549,-0.567496,-0.000014,-1.745889,-0.092053,0.466871,-0.113850,0.006338,0.063212,0.000365
1756070282.689559,-0.578986,-0.000014,-1.757980,-0.091855,0.474003,-0.127985,0.002033,0.074773,0.000369
1756070282.795066,-0.589224,-0.000014,-1.771133,-0.091854,0.483294,-0.143758,0.007186,0.107931,0.000375
1756070282.890966,-0.608191,-0.000014,-1.786707,-0.090188,0.493706,-0.158390,0.032767,0.098385,0.000378
1756070282.990954,-0.632129,-0.000014,-1.802450,-0.085357,0.502977,-0.155748,0.062939,0.087967,0.000376
1756070283.104128,-0.653329,-0.000014,-1.819012,-0.077657,0.514907,-0.185595,0.103071,0.137342,0.000378
1756070283.215317,-0.664007,-0.000014,-1.834110,-0.068619,0.516192,-0.149363,0.074118,-0.078883,0.000382
1756070283.294209,-0.666298,-0.000014,-1.839607,-0.064345,0.507491,-0.023003,0.040283,-0.060511,0.000379
1756070283.427274,-0.667843,-0.000014,-1.842116,-0.058334,0.501682,-0.018867,0.068643,-0.057302,0.000378
1756070283.487985,-0.667919,-0.000014,-1.844651,-0.051520,0.491061,-0.003796,0.053022,-0.125340,0.000374
1756070283.586962,-0.667919,-0.000014,-1.841981,-0.047197,0.481062,0.042915,0.036418,-0.081620,0.000367
1756070283.688130,-0.667919,-0.000014,-1.837109,-0.044544,0.475380,0.059929,0.034187,-0.029670,0.000361
1756070283.788697,-0.667919,-0.000014,-1.830582,-0.039106,0.473497,0.081145,0.046742,0.003797,0.000354
1756070283.888277,-0.667919,-0.000014,-1.820509,-0.036386,0.476688,0.114803,0.025970,0.051003,0.000347
1756070283.989160,-0.667919,-0.000014,-1.807991,-0.033319,0.483482,0.135890,0.031906,0.075832,0.000340
1756070284.089206,-0.667919,-0.000014,-1.793917,-0.030074,0.491998,0.144021,0.026520,0.089590,0.000332
1756070284.187621,-0.667919,-0.000014,-1.779391,-0.027878,0.500839,0.145685,0.019755,0.086367,0.000324
1756070284.290591,-0.667919,-0.000014,-1.764840,-0.026049,0.509170,0.145525,0.017552,0.081264,0.000316
1756070284.387007,-0.667919,-0.000014,-1.750377,-0.024453,0.517203,0.143653,0.012389,0.078934,0.000308
1756070284.486171,-0.667919,-0.000014,-1.738969,-0.023615,0.523141,0.141744,0.009051,0.070538,0.000301
1756070284.587755,-0.667919,-0.000014,-1.724871,-0.022777,0.529745,0.140479,0.006642,0.062604,0.000293
1756070284.691130,-0.667919,-0.000014,-1.710922,-0.022299,0.535664,0.138043,0.003464,0.056980,0.000284
1756070284.789668,-0.667919,-0.000014,-1.697177,-0.021991,0.541016,0.137106,0.002249,0.050272,0.000276
1756070284.887116,-0.667919,-0.000014,-1.683527,-0.021830,0.545511,0.135576,0.001156,0.040702,0.000267
1756070284.989610,-0.667919,-0.000014,-1.670148,-0.021691,0.549129,0.131580,0.001298,0.033596,0.000258
1756070285.092099,-0.667919,-0.000014,-1.657079,-0.021645,0.552100,0.130061,0.000210,0.026339,0.000248
1756070285.187603,-0.667919,-0.000014,-1.644115,-0.021628,0.554237,0.128802,0.000587,0.017429,0.000239
1756070285.288096,-0.667919,-0.000014,-1.631414,-0.021641,0.555541,0.125141,-0.000205,0.010863,0.000229
1756070285.387957,-0.667919,-0.000014,-1.618920,-0.021538,0.556385,0.121682,0.001824,0.006413,0.000219
1756070285.487804,-0.667919,-0.000014,-1.607036,-0.021357,0.556441,0.113901,0.001243,-0.004004,0.000210
1756070285.587762,-0.667919,-0.000014,-1.596189,-0.021132,0.555298,0.101955,0.003455,-0.015721,0.000200
1756070285.689710,-0.667919,-0.000014,-1.586509,-0.020816,0.553182,0.091726,0.001999,-0.025290,0.000191
1756070285.786818,-0.667919,-0.000014,-1.577936,-0.020573,0.549955,0.079650,0.003483,-0.037726,0.000183
1756070285.891347,-0.667919,-0.000014,-1.571987,-0.020311,0.546364,0.067716,0.002369,-0.050001,0.000176
1756070285.992161,-0.667919,-0.000014,-1.565861,-0.020188,0.540807,0.053130,0.001515,-0.059667,0.000168
1756070286.087538,-0.667919,-0.000014,-1.561094,-0.019960,0.534493,0.040186,0.002234,-0.066196,0.000161
1756070286.189440,-0.667919,-0.000014,-1.557472,-0.019775,0.527590,0.028664,0.001786,-0.071470,0.000155
1756070286.289116,-0.667919,-0.000014,-1.555209,-0.019595,0.520474,0.013925,0.001807,-0.070970,0.000149
1756070286.387996,-0.667919,-0.000014,-1.554408,-0.019470,0.513829,-0.000717,0.000812,-0.063725,0.000145
1756070286.487791,-0.667919,-0.000014,-1.554995,-0.019438,0.508219,-0.014901,0.000120,-0.051235,0.000143
1756070286.588176,-0.667919,-0.000014,-1.557218,-0.019432,0.504153,-0.032595,0.000047,-0.034233,0.000143
1756070286.693573,-0.667919,-0.000014,-1.561286,-0.019428,0.501987,-0.051114,0.000046,-0.014104,0.000145
1756070286.786810,-0.667919,-0.000014,-1.567387,-0.019457,0.502088,-0.073100,-0.000305,0.009898,0.000150
1756070286.888744,-0.667919,-0.000014,-1.575862,-0.019574,0.504727,-0.096990,-0.001938,0.035669,0.000158
1756070286.987104,-0.667919,-0.000014,-1.586779,-0.019870,0.509963,-0.123960,-0.003781,0.060705,0.000170
1756070287.089006,-0.667919,-0.000014,-1.600189,-0.020192,0.516333,-0.139393,-0.002812,0.063900,0.000183
1756070287.187015,-0.667919,-0.000014,-1.611660,-0.020345,0.521823,-0.146115,-0.000229,0.071794,0.000195
1756070287.287392,-0.667919,-0.000014,-1.626246,-0.020091,0.528799,-0.143234,0.002899,0.066701,0.000210
1756070287.389381,-0.667919,-0.000014,-1.640342,-0.019929,0.535245,-0.140339,0.002164,0.062970,0.000225
1756070287.488065,-0.667919,-0.000014,-1.654412,-0.019576,0.541226,-0.140606,0.004965,0.057639,0.000239
1756070287.589561,-0.667919,-0.000014,-1.668292,-0.019014,0.546603,-0.136516,0.005576,0.050425,0.000253
1756070287.687587,-0.667919,-0.000014,-1.681772,-0.018437,0.551284,-0.133815,0.007099,0.044004,0.000266
1756070287.787598,-0.667919,-0.000014,-1.695110,-0.017727,0.555224,-0.133090,0.006743,0.036594,0.000279
1756070287.888613,-0.667919,-0.000014,-1.708317,-0.017015,0.558600,-0.130624,0.007707,0.031427,0.000291
1756070287.990486,-0.667919,-0.000014,-1.721234,-0.016263,0.561427,-0.128151,0.007099,0.025970,0.000303
1756070288.087594,-0.667919,-0.000014,-1.733987,-0.015497,0.563707,-0.127472,0.008860,0.020912,0.000314
1756070288.186819,-0.667919,-0.000014,-1.746695,-0.014586,0.565630,-0.125989,0.008676,0.017839,0.000325
1756070288.286902,-0.667919,-0.000014,-1.759189,-0.013684,0.567273,-0.124350,0.010011,0.015117,0.000336
1756070288.387073,-0.667919,-0.000014,-1.771517,-0.012690,0.568501,-0.122658,0.008831,0.010096,0.000347
1756070288.486612,-0.667919,-0.000014,-1.781333,-0.012025,0.569239,-0.122220,0.008367,0.008512,0.000355
1756070288.587603,-0.667919,-0.000014,-1.793374,-0.011143,0.569921,-0.118851,0.008614,0.005260,0.000365
1756070288.686819,-0.667919,-0.000014,-1.805079,-0.010291,0.570229,-0.115090,0.008729,0.000668,0.000374
1756070288.787041,-0.667919,-0.000014,-1.816266,-0.009264,0.569891,-0.109212,0.011287,-0.006486,0.000383
1756070288.909927,-0.668376,-0.000014,-1.826330,-0.008183,0.568737,-0.092779,0.009313,-0.016090,0.000390
1756070289.012985,-0.676088,-0.000014,-1.835669,-0.007521,0.567090,-0.097584,0.006207,-0.017302,0.000390
1756070289.092328,-0.693179,-0.000014,-1.846201,-0.006152,0.565471,-0.115449,-0.003723,-0.007433,0.000385
1756070289.193566,-0.707821,-0.000014,-1.856719,-0.009564,0.560354,-0.112752,-0.006191,-0.042471,0.000379
1756070289.286352,-0.710258,-0.000014,-1.867681,-0.005577,0.553507,-0.106187,0.034755,-0.052844,0.000383
1756070289.435672,-0.713220,-0.000014,-1.878598,-0.004115,0.551275,-0.113080,0.010937,-0.004026,0.000388
1756070289.486758,-0.726518,-0.000014,-1.890342,-0.003080,0.551559,-0.118842,0.004309,0.004740,0.000387
1756070289.594450,-0.746682,-0.000014,-1.902847,-0.002664,0.552417,-0.130656,0.009014,0.009296,0.000382
1756070289.730053,-0.761730,-0.000014,-1.916076,-0.001432,0.553376,-0.130938,0.016939,0.009559,0.000382
1756070289.819139,-0.767101,-0.000014,-1.926278,0.000238,0.554318,-0.124354,0.024540,0.012749,0.000386
1756070289.913897,-0.775301,-0.000014,-1.938360,0.002765,0.556233,-0.124321,0.040255,0.029724,0.000390
1756070290.019187,-0.791620,-0.000014,-1.951064,0.008798,0.558816,-0.127087,0.053776,0.023194,0.000389
1756070290.101882,-0.811368,-0.000014,-1.964272,0.012747,0.561403,-0.137552,0.040668,0.026509,0.000386
1756070290.192117,-0.825252,-0.000014,-1.977956,0.017276,0.563592,-0.133862,0.049201,0.017892,0.000388
1756070290.308239,-0.832439,-0.000014,-1.990524,0.021438,0.561918,-0.100646,0.059847,-0.027368,0.000391
1756070290.391446,-0.837651,-0.000014,-1.997946,0.028361,0.553533,-0.036383,0.067670,-0.099898,0.000389
1756070290.505075,-0.840478,-0.000014,-1.999682,0.035692,0.544237,-0.006571,0.070981,-0.089265,0.000383
1756070290.588485,-0.840658,-0.000014,-2.000371,0.043000,0.536952,0.000080,0.094591,-0.046153,0.000380
1756070290.687730,-0.840658,-0.000014,-1.999127,0.054686,0.534554,0.017120,0.128927,-0.019874,0.000378
1756070290.787415,-0.840658,-0.000014,-1.996908,0.066663,0.531896,0.038578,0.112602,-0.009916,0.000375
1756070290.886592,-0.840658,-0.000014,-1.990870,0.078507,0.532821,0.075655,0.126048,0.016268,0.000371
1756070290.987118,-0.840658,-0.000014,-1.984005,0.088307,0.534591,0.093327,0.115818,0.026629,0.000367
1756070291.087099,-0.840658,-0.000014,-1.974097,0.098841,0.538810,0.113176,0.104740,0.059035,0.000361
1756070291.188211,-0.840658,-0.000014,-1.961161,0.109315,0.544903,0.134729,0.099129,0.057921,0.000354
1756070291.285887,-0.840658,-0.000014,-1.947880,0.118067,0.545389,0.098561,0.066361,-0.021546,0.000344
1756070291.386372,-0.840658,-0.000014,-1.940761,0.124211,0.544121,0.063943,0.061680,-0.008145,0.000339
1756070291.490636,-0.840658,-0.000014,-1.933734,0.130590,0.540290,0.055313,0.052450,-0.053728,0.000331
1756070291.589107,-0.840658,-0.000014,-1.929103,0.135006,0.534392,0.030594,0.041936,-0.057991,0.000325
1756070291.688519,-0.840658,-0.000014,-1.927293,0.139333,0.528744,0.006820,0.041156,-0.058018,0.000321
1756070291.788557,-0.840658,-0.000014,-1.926984,0.143258,0.523297,-0.008848,0.035600,-0.049923,0.000319
1756070291.887336,-0.840658,-0.000014,-1.929006,0.146501,0.519576,-0.035699,0.031481,-0.027596,0.000319
1756070291.989174,-0.840658,-0.000014,-1.934145,0.149758,0.518480,-0.064919,0.032978,-0.002980,0.000323
1756070292.087436,-0.840658,-0.000014,-1.941770,0.153074,0.520096,-0.090137,0.032876,0.027770,0.000330
1756070292.187639,-0.840658,-0.000014,-1.952495,0.156573,0.524569,-0.125090,0.038400,0.051288,0.000341
1756070292.290929,-0.840658,-0.000014,-1.963084,0.159611,0.528552,-0.134851,0.036092,0.047113,0.000352
1756070292.388760,-0.840658,-0.000014,-1.976268,0.162762,0.533597,-0.130268,0.031101,0.052104,0.000365
1756070292.487316,-0.840658,-0.000014,-1.988854,0.165720,0.538185,-0.121463,0.026844,0.040580,0.000378
1756070292.595797,-0.844530,-0.000014,-2.000055,0.168457,0.541779,-0.103801,0.029218,0.032106,0.000385
1756070292.683871,-0.862525,0.000175,-2.011274,0.172116,0.544557,-0.120544,0.037602,0.020753,0.000382
1756070292.802049,-0.883756,0.000848,-2.023604,0.174040,0.543598,-0.120764,0.033654,-0.010378,0.000376
1756070292.909847,-0.893997,0.000848,-2.035113,0.180616,0.544831,-0.121592,0.078998,0.026406,0.000378
1756070293.013009,-0.897381,0.000850,-2.047152,0.188787,0.547673,-0.109776,0.090137,0.028989,0.000388
1756070293.099176,-0.910439,0.001225,-2.058537,0.198701,0.553443,-0.129877,0.116130,0.073204,0.000391
1756070293.182858,-0.936874,0.001498,-2.071621,0.210125,0.556865,-0.114494,0.118837,0.027921,0.000384
1756070293.299449,-0.958834,0.001498,-2.082405,0.223007,0.561382,-0.124851,0.137447,0.049003,0.000380
1756070293.386574,-0.964118,0.001498,-2.093436,0.233870,0.554957,-0.057126,0.085783,-0.093822,0.000383
1756070293.490659,-0.964118,0.001498,-2.095573,0.243465,0.548922,-0.006699,0.112547,-0.047233,0.000383
1756070293.588855,-0.964118,0.001498,-2.095987,0.252516,0.541384,0.010027,0.083667,-0.113923,0.000381
1756070293.688968,-0.964118,0.001498,-2.093716,0.257904,0.531217,0.040167,0.046920,-0.082373,0.000375
1756070293.787111,-0.964118,0.001498,-2.088551,0.264093,0.524142,0.061069,0.060876,-0.057537,0.000368
1756070293.890180,-0.964118,0.001498,-2.081918,0.269560,0.519503,0.078688,0.040582,-0.032071,0.000362
1756070293.988869,-0.964118,0.001498,-2.072944,0.271952,0.518090,0.100348,0.019722,-0.000498,0.000354
1756070294.089898,-0.964118,0.001498,-2.061811,0.273705,0.514843,0.092564,0.014125,-0.039452,0.000344
1756070294.187209,-0.964118,0.001498,-2.054658,0.275653,0.511680,0.066195,0.018911,-0.026670,0.000337
1756070294.289093,-0.964118,0.001498,-2.047928,0.277381,0.509066,0.061226,0.015609,-0.027370,0.000331
1756070294.389961,-0.964118,0.001498,-2.041984,0.278586,0.505823,0.047919,0.012432,-0.033084,0.000325
1756070294.488551,-0.964118,0.001498,-2.038308,0.279898,0.502086,0.027784,0.012706,-0.041691,0.000321
1756070294.588474,-0.964118,0.001498,-2.036086,0.281135,0.498153,0.014591,0.012195,-0.038747,0.000317
1756070294.688634,-0.964118,0.001498,-2.035197,0.282362,0.494873,-0.000816,0.013709,-0.028272,0.000315
1756070294.787580,-0.964118,0.001498,-2.036365,0.283988,0.492795,-0.019798,0.017859,-0.017433,0.000316
1756070294.888053,-0.964118,0.001498,-2.038571,0.285542,0.492075,-0.035647,0.021252,-0.004532,0.000317
1756070294.990375,-0.964118,0.001498,-2.043038,0.287819,0.492707,-0.056993,0.025274,0.015876,0.000321
1756070295.088482,-0.964118,0.001498,-2.050009,0.290578,0.495605,-0.082787,0.029952,0.036688,0.000329
1756070295.191272,-0.964118,0.001498,-2.059262,0.293658,0.500582,-0.105743,0.032650,0.058891,0.000339
1756070295.290425,-0.964118,0.001498,-2.071112,0.297146,0.507658,-0.130504,0.038762,0.075814,0.000352
1756070295.387458,-0.964118,0.001498,-2.084545,0.301302,0.514681,-0.131323,0.040316,0.063889,0.000367
1756070295.499835,-0.964615,0.001560,-2.096508,0.305085,0.520634,-0.110702,0.038995,0.055116,0.000379
1756070295.607448,-0.973709,0.002854,-2.107730,0.308955,0.526060,-0.116083,0.035829,0.052534,0.000384
1756070295.684258,-0.997525,0.004794,-2.120524,0.312322,0.531267,-0.144039,0.065017,0.054688,0.000379
1756070295.805308,-1.021590,0.004925,-2.134030,0.321612,0.532540,-0.138235,0.074298,0.015266,0.000374
1756070295.887222,-1.028467,0.004925,-2.147526,0.325275,0.529548,-0.101267,0.039198,-0.049365,0.000379
1756070295.987266,-1.028467,0.004925,-2.154756,0.329635,0.516052,-0.016722,0.054482,-0.150631,0.000378
1756070296.091703,-1.028467,0.004925,-2.150870,0.335903,0.499269,0.037432,0.054542,-0.156221,0.000369
1756070296.188128,-1.028467,0.004925,-2.149237,0.340304,0.488769,0.020032,0.071312,-0.097522,0.000364
1756070296.289849,-1.028467,0.004925,-2.147151,0.349140,0.484513,0.034351,0.104148,-0.003794,0.000362
1756070296.388347,-1.028467,0.004925,-2.140963,0.359436,0.485184,0.057205,0.109919,0.024944,0.000360
1756070296.489046,-1.028467,0.004925,-2.136697,0.372120,0.490158,0.013934,0.138905,0.066654,0.000362
1756070296.590447,-1.028467,0.004925,-2.137246,0.386634,0.496489,-0.018291,0.135528,0.056087,0.000369
1756070296.716526,-1.029160,0.005084,-2.139657,0.399417,0.502141,-0.039782,0.120347,0.059332,0.000376
1756070296.790629,-1.038839,0.006999,-2.144704,0.410160,0.508050,-0.065104,0.097236,0.055802,0.000377
1756070296.895935,-1.058918,0.008042,-2.153453,0.420600,0.515749,-0.114028,0.126267,0.085296,0.000376
1756070296.998541,-1.078656,0.009036,-2.165742,0.434048,0.520479,-0.102935,0.144470,0.045188,0.000376
1756070297.095444,-1.087475,0.011777,-2.172614,0.448024,0.523880,-0.083558,0.110587,0.036101,0.000380
1756070297.187124,-1.093007,0.012630,-2.183422,0.455885,0.511645,-0.065575,0.026446,-0.228626,0.000380
1756070297.296327,-1.093712,0.012831,-2.184133,0.455585,0.489104,0.013525,0.008914,-0.194633,0.000369
1756070297.387354,-1.093835,0.012878,-2.183386,0.460449,0.473818,-0.000054,0.059082,-0.114865,0.000364
1756070297.489897,-1.093835,0.012878,-2.183037,0.465368,0.468016,0.000612,0.084231,-0.037292,0.000363
1756070297.589520,-1.093835,0.012878,-2.182282,0.477144,0.467292,-0.002867,0.123971,0.010684,0.000365
1756070297.698421,-1.094696,0.013186,-2.183040,0.489530,0.470450,-0.021829,0.121477,0.045420,0.000370
1756070297.797667,-1.101889,0.016083,-2.187278,0.501363,0.476733,-0.056572,0.115092,0.069986,0.000374
1756070297.893826,-1.116778,0.020794,-2.194703,0.510287,0.476044,-0.045079,0.079587,-0.026336,0.000369
1756070297.989631,-1.127874,0.021780,-2.194542,0.521523,0.475715,0.021698,0.133715,0.017618,0.000364
1756070298.087074,-1.128849,0.021786,-2.190017,0.534667,0.475193,0.001407,0.120890,0.007426,0.000365
1756070298.197523,-1.128868,0.021786,-2.194690,0.545229,0.469740,-0.023633,0.088891,-0.051548,0.000370
1756070298.335371,-1.130856,0.021790,-2.194022,0.556782,0.468770,0.001853,0.130666,0.022897,0.000371
1756070298.415599,-1.140203,0.023710,-2.194943,0.570482,0.469685,-0.001960,0.139385,0.016376,0.000370
1756070298.531463,-1.148370,0.028286,-2.194185,0.583737,0.466172,0.037351,0.095888,-0.056732,0.000365
1756070298.587258,-1.148923,0.028618,-2.185902,0.587985,0.454213,0.051612,0.029665,-0.131418,0.000356
1756070298.686321,-1.148923,0.028618,-2.186877,0.592903,0.444041,-0.034289,0.091668,-0.054036,0.000354
1756070298.788879,-1.148923,0.028618,-2.189531,0.602237,0.440351,-0.033339,0.113359,-0.029744,0.000358
1756070298.906554,-1.148940,0.028625,-2.190892,0.611488,0.439546,-0.027788,0.083530,0.021358,0.000362
1756070299.013068,-1.153837,0.029627,-2.196621,0.620019,0.445270,-0.077629,0.093030,0.077014,0.000368
1756070299.096345,-1.168069,0.033528,-2.206024,0.627687,0.444239,-0.054768,0.071237,-0.041999,0.000366
1756070299.192255,-1.180559,0.035920,-2.204658,0.637229,0.429807,0.022552,0.057977,-0.185419,0.000354
1756070299.288141,-1.183421,0.035932,-2.202928,0.637304,0.411878,0.015054,0.015979,-0.143292,0.000344
1756070299.386754,-1.183421,0.035932,-2.203552,0.643751,0.397385,0.012824,0.070102,-0.123240,0.000342
1756070299.487406,-1.183421,0.035932,-2.197812,0.648728,0.390233,0.083801,0.041934,-0.019133,0.000337
1756070299.588397,-1.183421,0.035932,-2.187364,0.651566,0.390897,0.106231,0.062112,0.050236,0.000331
1756070299.686785,-1.183421,0.035932,-2.177645,0.662685,0.401404,0.076935,0.156115,0.131759,0.000333
1756070299.790658,-1.183421,0.035932,-2.172975,0.678819,0.412777,0.002812,0.138351,0.113410,0.000341
1756070299.887737,-1.183421,0.035932,-2.175606,0.691531,0.425827,-0.033768,0.131768,0.140982,0.000353
1756070300.039349,-1.184003,0.036335,-2.178691,0.704687,0.440400,-0.029764,0.130801,0.143392,0.000365
1756070300.095562,-1.192319,0.040443,-2.182151,0.714922,0.451819,-0.064364,0.126990,0.141967,0.000369
1756070300.184554,-1.214373,0.049157,-2.190503,0.725519,0.458630,-0.057099,0.103933,0.036464,0.000364
1756070300.314226,-1.237544,0.053462,-2.192335,0.738490,0.461564,-0.035944,0.136702,0.047486,0.000356
1756070300.396732,-1.247389,0.054664,-2.199069,0.752677,0.461578,-0.038145,0.113607,-0.026497,0.000361
1756070300.498803,-1.248239,0.055094,-2.199985,0.762495,0.458470,0.024029,0.079615,-0.017714,0.000364
1756070300.597820,-1.248773,0.055412,-2.194529,0.768598,0.458987,0.062828,0.078636,0.030567,0.000362
1756070300.694411,-1.249185,0.055637,-2.188464,0.778815,0.464660,0.073301,0.137638,0.079054,0.000365
1756070300.794902,-1.249185,0.055637,-2.179991,0.793045,0.464882,0.081789,0.094431,-0.013295,0.000367
1756070300.890932,-1.249185,0.055637,-2.171710,0.799163,0.466093,0.092852,0.081111,0.034012,0.000365
1756070300.988040,-1.249185,0.055637,-2.161802,0.809815,0.466438,0.109182,0.083974,0.013016,0.000364
1756070301.087310,-1.249185,0.055637,-2.148776,0.815958,0.470675,0.144534,0.072337,0.070037,0.000360
1756070301.187336,-1.249185,0.055637,-2.133452,0.824954,0.479017,0.149233,0.127856,0.087233,0.000359
1756070301.286724,-1.249185,0.055637,-2.123320,0.835551,0.480804,0.075401,0.123203,0.010073,0.000359
1756070301.387409,-1.249185,0.055637,-2.123101,0.846760,0.479052,-0.005179,0.103506,-0.013175,0.000364
1756070301.524699,-1.249552,0.055969,-2.121845,0.858126,0.480774,0.018901,0.123960,0.039169,0.000370
1756070301.603105,-1.253539,0.059486,-2.119271,0.870182,0.483069,-0.004748,0.101975,0.023519,0.000371
1756070301.702690,-1.263270,0.065385,-2.123773,0.878908,0.484179,-0.044200,0.101543,0.022912,0.000371
1756070301.796807,-1.275276,0.076225,-2.126887,0.892022,0.487957,-0.018269,0.143015,0.045423,0.000369
1756070301.915163,-1.285614,0.084570,-2.127854,0.906850,0.493851,-0.013527,0.150487,0.063733,0.000370
1756070302.003334,-1.295773,0.089326,-2.129688,0.921777,0.501720,-0.011781,0.153826,0.089770,0.000375
1756070302.103609,-1.304752,0.093976,-2.131082,0.935803,0.505178,0.023995,0.111314,0.016007,0.000377
1756070302.223372,-1.312662,0.096962,-2.124504,0.945956,0.507686,0.088028,0.098245,0.028307,0.000374
1756070302.299253,-1.318347,0.098546,-2.114558,0.956437,0.511990,0.116315,0.115216,0.049838,0.000373
1756070302.385912,-1.318590,0.098717,-2.102326,0.967602,0.516708,0.123565,0.089269,0.049692,0.000374
1756070302.488887,-1.318590,0.098717,-2.088894,0.976317,0.522683,0.148873,0.113956,0.055124,0.000375
1756070302.587435,-1.318590,0.098717,-2.077723,0.984950,0.521328,0.089888,0.092227,-0.035771,0.000373
1756070302.707577,-1.318721,0.098847,-2.074901,0.994530,0.517180,0.008025,0.101449,-0.023831,0.000376
1756070302.794737,-1.321557,0.101684,-2.073295,1.005826,0.517447,0.022471,0.119767,0.014229,0.000379
1756070302.916319,-1.328359,0.108486,-2.069728,1.017317,0.517733,0.006912,0.111232,0.015886,0.000377
1756070302.997418,-1.336506,0.116633,-2.073868,1.027189,0.513961,-0.015331,0.102246,-0.038229,0.000374
1756070303.087373,-1.341316,0.121444,-2.070066,1.038817,0.506140,0.025656,0.096776,-0.075558,0.000370
1756070303.187141,-1.342737,0.125869,-2.070937,1.050022,0.503921,-0.037521,0.124370,0.013510,0.000374
1756070303.295442,-1.348922,0.134251,-2.076066,1.062605,0.506102,-0.055132,0.114631,0.021879,0.000377
1756070303.633250,-1.354761,0.151059,-2.082140,1.073694,0.509802,-0.047366,0.130307,0.051651,0.000376
1756070303.681734,-1.354761,0.151059,-2.082140,1.073694,0.509802,-0.047366,0.130307,0.051651,0.000376
1756070303.697248,-1.356725,0.175362,-2.086443,1.089059,0.512743,-0.077008,0.112726,0.037743,0.000373
1756070303.789974,-1.378435,0.205747,-2.112161,1.116938,0.526073,-0.111272,0.107720,0.062265,0.000381
1756070303.887823,-1.391921,0.229876,-2.124468,1.129017,0.534286,-0.151281,0.130395,0.103043,0.000378
1756070303.993168,-1.401723,0.247921,-2.140817,1.139556,0.537323,-0.114559,0.083047,-0.004301,0.000379
1756070304.098395,-1.402431,0.255921,-2.149086,1.148471,0.537592,-0.051446,0.097487,0.009082,0.000384
1756070304.207730,-1.404081,0.258280,-2.152078,1.158389,0.532628,-0.002087,0.072354,-0.074930,0.000387
1756070304.308336,-1.405462,0.259642,-2.150045,1.161989,0.525335,0.022440,0.055330,-0.056917,0.000383
1756070304.421638,-1.409029,0.263525,-2.150797,1.170719,0.514895,0.006541,0.076890,-0.124166,0.000380
1756070304.498468,-1.410195,0.265483,-2.146190,1.177287,0.505978,0.077085,0.055636,-0.065716,0.000375
1756070304.589008,-1.410195,0.265483,-2.136084,1.180974,0.497459,0.083101,0.060326,-0.068406,0.000368
1756070304.688110,-1.410195,0.265483,-2.132556,1.190310,0.488205,0.042133,0.091711,-0.082540,0.000368
1756070304.790587,-1.410195,0.265483,-2.125276,1.197635,0.480876,0.099396,0.036919,-0.053779,0.000366
1756070304.887398,-1.410195,0.265483,-2.114136,1.197810,0.474934,0.094178,-0.004949,-0.051722,0.000358
1756070304.987635,-1.410195,0.265483,-2.107321,1.197491,0.472663,0.092021,-0.010398,0.001226,0.000353
1756070305.089683,-1.410195,0.265483,-2.096361,1.195405,0.475961,0.118300,-0.038577,0.052403,0.000347
1756070305.189329,-1.410195,0.265483,-2.084523,1.189460,0.481965,0.116067,-0.070694,0.062467,0.000340
1756070305.290297,-1.410195,0.265483,-2.073228,1.181621,0.487750,0.104180,-0.068415,0.056551,0.000332
1756070305.387374,-1.410195,0.265483,-2.063572,1.176355,0.493260,0.089614,-0.051700,0.052971,0.000326
1756070305.490688,-1.410195,0.265483,-2.054974,1.170849,0.497557,0.077605,-0.052212,0.034424,0.000320
1756070305.590883,-1.410195,0.265483,-2.047700,1.165697,0.499788,0.063697,-0.040893,0.015551,0.000314
1756070305.689200,-1.410195,0.265483,-2.041916,1.162381,0.500293,0.049621,-0.027171,-0.003936,0.000310
1756070305.788216,-1.410195,0.265483,-2.037421,1.159884,0.499085,0.036802,-0.018397,-0.017735,0.000305
1756070305.886476,-1.410195,0.265483,-2.034264,1.158456,0.496983,0.023782,-0.005822,-0.023526,0.000302
1756070305.990481,-1.410195,0.265483,-2.032375,1.158404,0.494595,0.012252,0.005725,-0.025025,0.000300
1756070306.088545,-1.410195,0.265483,-2.031703,1.159627,0.492583,-0.000184,0.019912,-0.017238,0.000299
1756070306.190671,-1.410195,0.265483,-2.032352,1.162390,0.491752,-0.012530,0.034228,-0.003305,0.000301
1756070306.289020,-1.410195,0.265483,-2.033795,1.165741,0.492325,-0.024464,0.049697,0.012855,0.000304
1756070306.388510,-1.410195,0.265483,-2.036936,1.171634,0.494839,-0.039669,0.069202,0.034165,0.000311
1756070306.489466,-1.410195,0.265483,-2.041673,1.179525,0.499618,-0.056192,0.089780,0.056109,0.000320
1756070306.589594,-1.410195,0.265483,-2.048008,1.189441,0.506540,-0.072395,0.109716,0.077069,0.000333
1756070306.690997,-1.410195,0.265483,-2.055874,1.201253,0.514529,-0.084527,0.120053,0.079604,0.000348
1756070306.789151,-1.410195,0.265483,-2.064600,1.212933,0.521931,-0.086053,0.113709,0.069354,0.000363
1756070306.886965,-1.410195,0.265483,-2.072799,1.223895,0.528629,-0.080255,0.104271,0.062825,0.000377
1756070307.019523,-1.412768,0.268056,-2.080166,1.233238,0.533938,-0.071732,0.086333,0.047438,0.000386
1756070307.082603,-1.424071,0.280950,-2.088119,1.242168,0.538078,-0.088132,0.094967,0.032207,0.000385
1756070307.185596,-1.432514,0.306493,-2.097117,1.252352,0.539932,-0.078999,0.117473,0.019201,0.000377
1756070307.296202,-1.434896,0.329969,-2.103692,1.264734,0.541551,-0.055125,0.124999,0.013825,0.000373
1756070307.388133,-1.435429,0.338092,-2.108000,1.276875,0.543260,-0.019540,0.124449,0.024379,0.000378
1756070307.495311,-1.435431,0.338345,-2.108402,1.286763,0.545804,-0.000262,0.121786,0.035343,0.000387
1756070307.691130,-1.436837,0.343526,-2.107734,1.298137,0.547730,-0.010901,0.098893,0.017713,0.000390
1756070307.796441,-1.436837,0.343526,-2.107734,1.298137,0.547730,-0.010901,0.098893,0.017713,0.000390
1756070307.813865,-1.439454,0.346991,-2.109938,1.301277,0.547176,-0.087298,0.060545,-0.043691,0.000389
1756070307.905408,-1.447246,0.383958,-2.109874,1.330157,0.536835,0.027588,0.131409,-0.019029,0.000376
1756070307.992992,-1.447260,0.387496,-2.108970,1.342759,0.536506,0.011366,0.131216,0.013502,0.000382
1756070308.087481,-1.447291,0.391449,-2.106615,1.355960,0.539003,0.030553,0.132045,0.029401,0.000388
1756070308.190747,-1.447801,0.404697,-2.104321,1.368632,0.538119,0.040486,0.104242,-0.019232,0.000386
1756070308.298024,-1.448225,0.419928,-2.097594,1.378001,0.538570,0.087794,0.107762,0.017596,0.000379
1756070308.398041,-1.448176,0.429011,-2.087737,1.388966,0.537650,0.068561,0.122593,-0.006690,0.000376
1756070308.479595,-1.448557,0.429878,-2.084987,1.401815,0.534124,0.040097,0.099554,-0.033140,0.000000
1756070308.587076,-1.448557,0.429878,-2.076549,1.409206,0.532022,0.109982,0.089894,-0.007134,0.000381
1756070308.688640,-1.448557,0.429878,-2.066045,1.418064,0.525901,0.065404,0.068075,-0.078888,0.000379
1756070308.790012,-1.448557,0.429878,-2.064220,1.423415,0.517528,0.034886,0.045621,-0.106548,0.000378
1756070308.890021,-1.448557,0.429878,-2.057576,1.425517,0.504472,0.077668,-0.002674,-0.129983,0.000370
1756070308.986936,-1.448557,0.429878,-2.049447,1.423411,0.494344,0.075501,-0.026994,-0.080746,0.000361
1756070309.088992,-1.448557,0.429878,-2.043165,1.420821,0.488939,0.069760,-0.037196,-0.018795,0.000354
1756070309.187738,-1.448557,0.429878,-2.034485,1.415390,0.490192,0.094357,-0.069121,0.028488,0.000347
1756070309.288166,-1.448557,0.429878,-2.024905,1.407384,0.494070,0.094336,-0.088182,0.044509,0.000339
1756070309.388423,-1.448557,0.429878,-2.015589,1.397842,0.500099,0.097894,-0.103618,0.068819,0.000331
1756070309.487884,-1.448557,0.429878,-2.005666,1.387253,0.507070,0.095980,-0.107033,0.068809,0.000322
1756070309.587245,-1.448557,0.429878,-1.996329,1.376418,0.513764,0.091559,-0.111265,0.065093,0.000314
1756070309.691246,-1.448557,0.429878,-1.987309,1.365091,0.519698,0.087620,-0.110919,0.054746,0.000305
1756070309.789846,-1.448557,0.429878,-1.978863,1.354536,0.524507,0.079559,-0.100656,0.043936,0.000296
1756070309.886148,-1.448557,0.429878,-1.971224,1.344751,0.528164,0.073804,-0.095501,0.031143,0.000288
1756070309.988040,-1.448557,0.429878,-1.964146,1.335574,0.530352,0.065959,-0.085181,0.014771,0.000280
1756070310.088298,-1.448557,0.429878,-1.958193,1.327763,0.530793,0.055112,-0.072771,-0.002491,0.000272
1756070310.188859,-1.448557,0.429878,-1.954120,1.322387,0.530041,0.046693,-0.061419,-0.014405,0.000266
1756070310.289440,-1.448557,0.429878,-1.949772,1.316652,0.527745,0.038412,-0.051256,-0.029920,0.000259
1756070310.390138,-1.448557,0.429878,-1.946314,1.312136,0.523972,0.029427,-0.036608,-0.043655,0.000253
1756070310.490230,-1.448557,0.429878,-1.943758,1.309043,0.519208,0.019883,-0.023074,-0.051026,0.000247
1756070310.589540,-1.448557,0.429878,-1.942013,1.307074,0.514103,0.012915,-0.011803,-0.051340,0.000243
1756070310.690757,-1.448557,0.429878,-1.941010,1.306354,0.509162,0.004093,0.001543,-0.048693,0.000239
1756070310.786668,-1.448557,0.429878,-1.940983,1.307118,0.504952,-0.005107,0.016778,-0.038637,0.000238
1756070310.890626,-1.448557,0.429878,-1.941834,1.309436,0.502174,-0.014527,0.032789,-0.021357,0.000239
1756070310.987577,-1.448557,0.429878,-1.943731,1.313395,0.501361,-0.025184,0.049060,-0.000344,0.000242
1756070311.087572,-1.448557,0.429878,-1.946834,1.319224,0.502833,-0.037671,0.068714,0.022252,0.000248
1756070311.189131,-1.448557,0.429878,-1.951221,1.327200,0.506683,-0.050970,0.091291,0.047163,0.000257
1756070311.286519,-1.448557,0.429878,-1.957006,1.337622,0.513055,-0.064799,0.118328,0.070370,0.000269
