timestamp,actual_load_x,actual_load_y,drone1_pose_x,drone1_pose_y,drone1_pose_z,drone1_velocity_x,drone1_velocity_y,drone1_velocity_z,cable1_tension,drone1_control_x,drone1_control_y,drone1_control_z,attachment_point1_x,attachment_point1_y,drone2_pose_x,drone2_pose_y,drone2_pose_z,drone2_velocity_x,drone2_velocity_y,drone2_velocity_z,cable2_tension,drone2_control_x,drone2_control_y,drone2_control_z,attachment_point2_x,attachment_point2_y,drone3_pose_x,drone3_pose_y,drone3_pose_z,drone3_velocity_x,drone3_velocity_y,drone3_velocity_z,cable3_tension,drone3_control_x,drone3_control_y,drone3_control_z,attachment_point3_x,attachment_point3_y
1756680927.550866,0.200014,-0.000014,-0.970436,-0.000907,0.494573,0.010753,-0.000138,-0.036577,0.000005,-0.003610,0.006831,0.000000,0.000015,-0.000681,-0.685895,0.685911,0.503575,0.003503,-0.003390,0.019733,0.000005,0.000480,0.004607,0.000000,0.000015,-0.000681,-0.686906,-0.685610,0.488809,0.002866,0.002944,-0.012216,0.000005,0.003184,-0.007977,0.000000,0.000015,-0.000681
1756680927.676463,0.200014,-0.000014,-0.969871,-0.000913,0.493266,0.003837,-0.000089,-0.002100,0.000010,-0.004491,0.010756,0.000000,0.000015,-0.000681,-0.685664,0.685688,0.504088,0.004347,-0.004265,-0.013237,0.000010,-0.002810,0.001618,0.000000,0.000015,-0.000681,-0.686819,-0.685506,0.488930,-0.000443,-0.000018,0.009762,0.000010,-0.040064,-0.046337,0.000000,0.000015,-0.000681
1756680927.749518,0.200014,-0.000014,-0.969891,-0.000947,0.493555,-0.003296,-0.000695,-0.001500,0.000005,-0.090899,-0.000358,0.000000,0.000015,-0.000681,-0.685236,0.685242,0.501407,0.007015,-0.007129,-0.047993,0.000005,0.002658,0.007139,0.000000,0.000015,-0.000681,-0.686837,-0.685476,0.488676,0.004183,0.004078,-0.016569,0.000005,0.000204,-0.004287,0.000000,0.000015,-0.000681
1756680927.828703,0.200014,-0.000014,-0.969459,-0.000952,0.492194,0.009979,0.000455,-0.029388,0.000000,0.000000,0.000000,0.000000,0.000015,-0.000681,-0.684592,0.684628,0.496747,0.008551,-0.008129,-0.065176,0.000000,0.000000,0.000000,0.000000,0.000015,-0.000681,-0.686295,-0.684991,0.486649,0.003119,0.002230,-0.032833,0.000000,0.000000,0.000000,0.000000,0.000015,-0.000681
1756680927.932411,0.200014,-0.000014,-0.968641,-0.000879,0.489045,0.010785,0.001119,-0.045453,0.000000,0.000000,0.000000,0.000000,0.000015,-0.000681,-0.683972,0.683999,0.491282,0.008006,-0.007839,-0.069861,0.000000,0.000000,0.000000,0.000000,0.000015,-0.000681,-0.686086,-0.684835,0.483607,0.003894,0.003253,-0.042066,0.000000,0.000000,0.000000,0.000000,0.000015,-0.000681
1756680928.038939,0.200014,-0.000014,-0.967714,-0.000813,0.485052,0.012131,0.000555,-0.053033,0.000001,-0.000000,-0.000000,0.000000,0.000015,-0.000681,-0.683308,0.683404,0.485701,0.008661,-0.007739,-0.068953,0.000001,-0.000000,0.000000,0.000000,0.000015,-0.000681,-0.685624,-0.684427,0.479971,0.006514,0.005816,-0.047981,0.000001,-0.000000,-0.000000,0.000000,0.000015,-0.000681
1756680928.141151,0.200014,-0.000014,-0.966728,-0.000764,0.480692,0.012569,0.000572,-0.054655,0.000002,-0.003029,0.000611,0.000000,0.000015,-0.000681,-0.682581,0.682750,0.480344,0.009205,-0.008437,-0.064887,0.000002,-0.001485,0.002816,0.000000,0.000015,-0.000681,-0.685098,-0.683950,0.476047,0.006040,0.005516,-0.049438,0.000002,-0.001539,-0.002759,0.000000,0.000015,-0.000681
1756680928.238197,0.200014,-0.000014,-0.965703,-0.000725,0.476364,0.012998,0.000415,-0.053607,0.000001,-0.000000,-0.000000,0.000000,0.000015,-0.000681,-0.681855,0.682059,0.475405,0.009100,-0.008675,-0.058927,0.000001,-0.000000,0.000000,0.000000,0.000015,-0.000681,-0.684572,-0.683454,0.472202,0.007276,0.007035,-0.046772,0.000001,-0.000000,-0.000000,0.000000,0.000015,-0.000681
1756680928.404637,0.200014,-0.000014,-0.964667,-0.000695,0.472187,0.013002,0.000323,-0.049835,0.000041,-0.006410,-0.010466,0.000000,0.000015,-0.000681,-0.681127,0.681366,0.470966,0.009157,-0.008652,-0.052513,0.000041,-0.009645,-0.000081,0.000000,0.000015,-0.000681,-0.683970,-0.682875,0.468611,0.007205,0.006688,-0.043239,0.000041,-0.008594,-0.000393,0.000000,0.000015,-0.000681
1756680928.490322,0.200014,-0.000014,-0.963885,-0.000677,0.469326,0.013107,0.000251,-0.046078,0.000020,-0.003529,-0.007103,0.000000,0.000015,-0.000681,-0.680575,0.680857,0.467984,0.009246,-0.008659,-0.047314,0.000020,-0.018563,-0.003022,0.000000,0.000015,-0.000681,-0.683525,-0.682454,0.466135,0.007646,0.007256,-0.039838,0.000020,-0.012875,0.002989,0.000000,0.000015,-0.000681
1756680928.534506,0.200014,-0.000014,-0.962813,-0.000631,0.465816,0.013620,0.000755,-0.041387,0.000000,0.000000,0.000000,0.000000,0.000015,-0.000681,-0.679828,0.680157,0.464417,0.009423,-0.008894,-0.042632,0.000000,0.000000,0.000000,0.000000,0.000015,-0.000681,-0.682886,-0.681842,0.463063,0.008687,0.007975,-0.037132,0.000000,0.000000,0.000000,0.000000,0.000015,-0.000681
1756680928.704923,0.200014,-0.000014,-0.961782,-0.000662,0.462756,0.012709,-0.000565,-0.035013,0.000041,-0.015482,0.029570,0.000000,0.000015,-0.000681,-0.679018,0.679447,0.461340,0.009540,-0.008951,-0.034943,0.000041,-0.015417,-0.003271,0.000000,0.000015,-0.000681,-0.682214,-0.681197,0.460272,0.007186,0.007709,-0.032900,0.000041,0.003289,-0.007488,0.000000,0.000015,-0.000681
1756680928.821435,0.200014,-0.000014,-0.961012,-0.000691,0.460787,0.012962,-0.000230,-0.031342,0.000081,-0.007320,0.016955,0.000000,0.000015,-0.000681,-0.678543,0.678896,0.459423,0.008293,-0.009034,-0.029481,0.000081,0.003247,0.008786,0.000000,0.000015,-0.000681,-0.681778,-0.680728,0.458451,0.007576,0.007981,-0.028501,0.000081,0.000669,-0.005876,0.000000,0.000015,-0.000681
1756680928.900212,0.200014,-0.000014,-0.961012,-0.000691,0.460787,0.012962,-0.000230,-0.031342,0.000010,-0.006471,0.018051,0.000000,0.000015,-0.000681,-0.678543,0.678896,0.459423,0.008293,-0.009034,-0.029481,0.000010,0.002714,0.006462,0.000000,0.000015,-0.000681,-0.681778,-0.680728,0.458451,0.007576,0.007981,-0.028501,0.000010,-0.000093,-0.003804,0.000000,0.000015,-0.000681
1756680928.947638,0.200014,-0.000014,-0.959374,-0.000728,0.457470,0.012590,0.001393,-0.023676,0.000002,-0.003214,0.001870,0.000000,0.000015,-0.000681,-0.677477,0.677816,0.456220,0.009713,-0.008924,-0.024226,0.000002,-0.000816,0.003540,0.000000,0.000015,-0.000681,-0.680784,-0.679704,0.455322,0.008693,0.008566,-0.023720,0.000002,-0.001169,-0.003087,0.000000,0.000015,-0.000681
1756680929.032975,0.200014,-0.000014,-0.958410,-0.000577,0.455685,0.011810,0.002064,-0.021629,0.000000,0.000000,0.000000,0.000000,0.000015,-0.000681,-0.676783,0.677058,0.454427,0.008598,-0.009268,-0.020932,0.000000,0.000000,0.000000,0.000000,0.000015,-0.000681,-0.680086,-0.679043,0.453546,0.008540,0.007950,-0.021009,0.000000,0.000000,0.000000,0.000000,0.000015,-0.000681
1756680929.137338,0.200014,-0.000014,-0.957457,-0.000389,0.454006,0.011973,0.002462,-0.019683,0.000000,0.000000,0.000000,0.000000,0.000015,-0.000681,-0.676101,0.676336,0.452865,0.008805,-0.008822,-0.018244,0.000000,0.000000,0.000000,0.000000,0.000015,-0.000681,-0.679415,-0.678421,0.452011,0.008415,0.007911,-0.017746,0.000000,0.000000,0.000000,0.000000,0.000015,-0.000681
1756680929.238417,0.200014,-0.000014,-0.956494,-0.000234,0.452572,0.012089,0.001589,-0.016490,0.000001,-0.000000,-0.000000,0.000000,0.000015,-0.000681,-0.675360,0.675657,0.451522,0.009274,-0.008608,-0.015546,0.000001,-0.000000,0.000000,0.000000,0.000015,-0.000681,-0.678733,-0.677768,0.450702,0.008641,0.008319,-0.015283,0.000001,-0.000000,-0.000000,0.000000,0.000015,-0.000681
1756680929.348828,0.200014,-0.000014,-0.955766,-0.000133,0.451642,0.012163,0.001809,-0.014622,0.000002,-0.003419,0.002750,0.000000,0.000015,-0.000681,-0.674806,0.675126,0.450645,0.009158,-0.008888,-0.013865,0.000002,-0.001343,0.002922,0.000000,0.000015,-0.000681,-0.678213,-0.677267,0.449841,0.008659,0.008374,-0.013644,0.000002,-0.001444,-0.002821,0.000000,0.000015,-0.000681
1756680929.446983,0.200014,-0.000014,-0.954789,-0.000019,0.450560,0.012244,0.001217,-0.012806,0.000002,-0.003183,0.001794,0.000000,0.000015,-0.000681,-0.674084,0.674407,0.449615,0.009072,-0.008905,-0.011982,0.000002,-0.001181,0.003078,0.000000,0.000015,-0.000681,-0.677524,-0.676602,0.448837,0.008614,0.008378,-0.011653,0.000002,-0.001253,-0.003013,0.000000,0.000015,-0.000681
1756680929.539023,0.200014,-0.000014,-0.953800,0.000058,0.449581,0.012503,0.000720,-0.011561,0.000001,-0.000000,-0.000000,0.000000,0.000015,-0.000681,-0.673350,0.673696,0.448726,0.009152,-0.008751,-0.010390,0.000001,-0.000000,0.000000,0.000000,0.000015,-0.000681,-0.676831,-0.675919,0.447985,0.008610,0.008505,-0.009916,0.000001,-0.000000,-0.000000,0.000000,0.000015,-0.000681
1756680929.643100,0.200014,-0.000014,-0.952832,0.000157,0.448726,0.011796,0.001568,-0.009592,0.000002,-0.003343,0.002532,0.000000,0.000015,-0.000681,-0.672619,0.673004,0.447946,0.009059,-0.008564,-0.009184,0.000002,-0.001087,0.003214,0.000000,0.000015,-0.000681,-0.676148,-0.675245,0.447249,0.008472,0.008320,-0.008623,0.000002,-0.001394,-0.002862,0.000000,0.000015,-0.000681
1756680929.784483,0.200014,-0.000014,-0.951874,0.000244,0.448038,0.012107,0.000782,-0.008057,0.000005,-0.003114,0.001115,0.000000,0.000015,-0.000681,-0.671904,0.672329,0.447267,0.008921,-0.008491,-0.007841,0.000005,-0.001097,0.003250,0.000000,0.000015,-0.000681,-0.675477,-0.674590,0.446626,0.008432,0.008331,-0.007107,0.000005,-0.001404,-0.002899,0.000000,0.000015,-0.000681
1756680929.841070,0.200014,-0.000014,-0.950878,0.000275,0.447429,0.012656,0.000153,-0.006896,0.000001,-0.000000,-0.000000,0.000000,0.000015,-0.000681,-0.671185,0.671633,0.446703,0.008946,-0.008622,-0.006345,0.000001,-0.000000,0.000000,0.000000,0.000015,-0.000681,-0.674797,-0.673906,0.446121,0.008434,0.008503,-0.005781,0.000001,-0.000000,-0.000000,0.000000,0.000015,-0.000681
1756680929.939005,0.200014,-0.000014,-0.949905,0.000332,0.446934,0.011857,0.000905,-0.005620,0.000001,-0.000000,-0.000000,0.000000,0.000015,-0.000681,-0.670470,0.670950,0.446238,0.008851,-0.008386,-0.005427,0.000001,-0.000000,0.000000,0.000000,0.000015,-0.000681,-0.674130,-0.673242,0.445680,0.008229,0.007986,-0.005265,0.000001,-0.000000,-0.000000,0.000000,0.000015,-0.000681
1756680930.032067,0.200014,-0.000014,-0.948973,0.000402,0.446510,0.011593,0.000795,-0.004981,0.000000,0.000000,0.000000,0.000000,0.000015,-0.000681,-0.669771,0.670302,0.445850,0.008723,-0.008141,-0.004380,0.000000,0.000000,0.000000,0.000000,0.000015,-0.000681,-0.673471,-0.672594,0.445308,0.008317,0.008375,-0.004164,0.000000,0.000000,0.000000,0.000000,0.000015,-0.000681
1756680930.148411,0.200014,-0.000014,-0.948037,0.000460,0.446137,0.011726,0.000637,-0.004368,0.000002,-0.003050,0.000884,0.000000,0.000015,-0.000681,-0.669069,0.669636,0.445530,0.008791,-0.008382,-0.003724,0.000002,-0.000402,0.003921,0.000000,0.000015,-0.000681,-0.672806,-0.671924,0.445014,0.008273,0.008244,-0.003341,0.000002,-0.000765,-0.003482,0.000000,0.000015,-0.000681
1756680930.253983,0.200014,-0.000014,-0.947100,0.000505,0.445805,0.011679,0.000506,-0.004011,0.000005,-0.009371,-0.028681,0.000000,0.000015,-0.000681,-0.668363,0.668960,0.445257,0.008787,-0.008396,-0.003175,0.000005,-0.060256,0.075904,0.000000,0.000015,-0.000681,-0.672148,-0.671264,0.444773,0.008254,0.008497,-0.002722,0.000005,-0.042132,-0.026720,0.000000,0.000015,-0.000681
1756680930.331468,0.200014,-0.000014,-0.946161,0.000542,0.445500,0.011667,0.000464,-0.003537,0.000000,0.000000,0.000000,0.000000,0.000015,-0.000681,-0.667664,0.668288,0.445031,0.008735,-0.008302,-0.002518,0.000000,0.000000,0.000000,0.000000,0.000015,-0.000681,-0.671456,-0.670575,0.444602,0.011301,0.009749,-0.000898,0.000000,0.000000,0.000000,0.000000,0.000015,-0.000681
1756680930.430873,0.200014,-0.000014,-0.945245,0.000584,0.445245,0.011371,0.000477,-0.002825,0.000000,0.000000,0.000000,0.000000,0.000015,-0.000681,-0.666810,0.667453,0.445237,0.008188,-0.007806,0.006176,0.000000,0.000000,0.000000,0.000000,0.000015,-0.000681,-0.670790,-0.669919,0.444730,0.002814,0.004989,0.003073,0.000000,0.000000,0.000000,0.000000,0.000015,-0.000681
1756680930.536902,0.200014,-0.000014,-0.944329,0.000616,0.445043,0.011478,0.000342,-0.002255,0.000001,-0.000000,-0.000000,0.000000,0.000015,-0.000681,-0.666579,0.667367,0.445978,0.002726,-0.001061,0.011226,0.000001,-0.000000,0.000000,0.000000,0.000015,-0.000681,-0.670495,-0.669470,0.445169,0.007023,0.007478,0.006755,0.000001,-0.000000,-0.000000,0.000000,0.000015,-0.000681
1756680930.652037,0.200014,-0.000014,-0.943415,0.000641,0.444878,0.011383,0.000284,-0.001917,0.000005,-0.003662,-0.010717,0.000000,0.000015,-0.000681,-0.666219,0.667080,0.446727,0.006107,-0.005587,0.006975,0.000005,-0.061386,0.078444,0.000000,0.000015,-0.000681,-0.669829,-0.668804,0.445786,0.007236,0.007710,0.007525,0.000005,-0.014765,0.003414,0.000000,0.000015,-0.000681
1756680930.739989,0.200014,-0.000014,-0.942505,0.000660,0.444733,0.011366,0.000206,-0.001735,0.000001,-0.000000,-0.000000,0.000000,0.000015,-0.000681,-0.665546,0.666409,0.447241,0.008039,-0.008046,0.006292,0.000001,-0.000000,0.000000,0.000000,0.000015,-0.000681,-0.669339,-0.668242,0.446297,0.006936,0.006637,0.005208,0.000001,-0.000000,-0.000000,0.000000,0.000015,-0.000681
1756680930.850987,0.200014,-0.000014,-0.941822,0.000673,0.444633,0.011412,0.000241,-0.001562,0.000005,-0.003113,-0.005457,0.000000,0.000015,-0.000681,-0.664978,0.665836,0.447717,0.006383,-0.005892,0.008973,0.000005,-0.061071,0.082248,0.000000,0.000015,-0.000681,-0.668922,-0.667810,0.446544,0.006638,0.007460,0.003106,0.000005,-0.004660,-0.000696,0.000000,0.000015,-0.000681
1756680930.986806,0.200014,-0.000014,-0.940915,0.000689,0.444521,0.011294,0.000159,-0.001292,0.000005,-0.003000,-0.000131,0.000000,0.000015,-0.000681,-0.664859,0.665866,0.448514,0.001338,-0.000051,0.011972,0.000005,0.000393,0.012600,0.000000,0.000015,-0.000681,-0.668452,-0.667155,0.446721,0.006136,0.008051,0.001378,0.000005,-0.002508,-0.001862,0.000000,0.000015,-0.000681
1756680931.087466,0.200014,-0.000014,-0.940007,0.000713,0.444432,0.011397,0.000408,-0.000782,0.000010,-0.006060,-0.022050,0.000000,0.000015,-0.000681,-0.664476,0.665525,0.449590,0.004000,-0.003398,0.014550,0.000010,-0.063423,0.087330,0.000000,0.000015,-0.000681,-0.667915,-0.666544,0.446757,0.006804,0.007530,-0.000407,0.000010,-0.011532,0.002571,0.000000,0.000015,-0.000681
1756680931.136980,0.200014,-0.000014,-0.939333,0.000710,0.444401,0.011169,-0.000509,-0.000267,0.000000,0.000000,0.000000,0.000000,0.000015,-0.000681,-0.664365,0.665483,0.450398,0.001764,-0.000307,0.011903,0.000000,0.000000,0.000000,0.000000,0.000015,-0.000681,-0.667512,-0.666091,0.446693,0.006687,0.007562,-0.001546,0.000000,0.000000,0.000000,0.000000,0.000015,-0.000681
1756680931.251443,0.200014,-0.000014,-0.938462,0.000693,0.444399,0.010658,-0.000004,0.000127,0.000005,-0.007793,0.024426,0.000000,0.000015,-0.000681,-0.664058,0.665316,0.451234,0.002506,-0.000336,0.010086,0.000005,-0.063671,0.089275,0.000000,0.000015,-0.000681,-0.666981,-0.665489,0.446533,0.006532,0.007614,-0.002306,0.000005,-0.002728,-0.001819,0.000000,0.000015,-0.000681
1756680931.343658,0.200014,-0.000014,-0.937600,0.000680,0.444410,0.010856,-0.000233,0.000064,0.000002,-0.003024,-0.001147,0.000000,0.000015,-0.000681,-0.664095,0.665611,0.451996,-0.000351,0.002762,0.009797,0.000002,-0.015021,-0.002383,0.000000,0.000015,-0.000681,-0.666479,-0.664869,0.446353,0.006477,0.007817,-0.002205,0.000002,-0.001872,-0.002346,0.000000,0.000015,-0.000681
1756680931.451433,0.200014,-0.000014,-0.936697,0.000586,0.444455,0.011330,-0.001259,0.001979,0.000005,-0.154276,-0.003028,0.000000,0.000015,-0.000681,-0.663898,0.665508,0.452859,0.001421,-0.000041,0.011699,0.000005,-0.063960,0.090459,0.000000,0.000015,-0.000681,-0.665939,-0.664244,0.446182,0.006755,0.007694,-0.002174,0.000005,-0.010135,0.002005,0.000000,0.000015,-0.000681
1756680931.549263,0.200014,-0.000014,-0.935855,0.000681,0.444719,0.010042,0.002002,0.004548,0.000005,-0.155874,-0.003383,0.000000,0.000015,-0.000681,-0.663975,0.665874,0.453754,-0.001269,0.004093,0.009840,0.000005,-0.064164,0.090858,0.000000,0.000015,-0.000681,-0.665400,-0.663642,0.446000,0.007104,0.007202,-0.002230,0.000005,-0.046940,-0.040075,0.000000,0.000015,-0.000681
1756680931.638205,0.200014,-0.000014,-0.934969,0.000797,0.445069,0.021997,0.001351,0.009261,0.000001,-0.000000,-0.000000,0.000000,0.000015,-0.000681,-0.663915,0.665816,0.454385,-0.000392,0.001185,0.010853,0.000001,-0.000000,-0.000000,0.000000,0.000015,-0.000681,-0.664985,-0.663198,0.445889,0.007050,0.008129,-0.001395,0.000001,-0.000000,-0.000000,0.000000,0.000015,-0.000681
1756680931.744042,0.200014,-0.000014,-0.934685,0.000837,0.446085,-0.011122,-0.003112,0.012985,0.000002,0.000489,0.008901,0.000000,0.000015,-0.000681,-0.663967,0.665945,0.455125,-0.002255,0.004465,0.006902,0.000002,-0.004162,-0.005164,0.000000,0.000015,-0.000681,-0.664403,-0.662477,0.446005,0.004612,0.006426,0.003173,0.000002,-0.002612,-0.001802,0.000000,0.000015,-0.000681
1756680931.830187,0.200014,-0.000014,-0.934743,0.000743,0.447376,0.006220,-0.000415,0.016074,0.000000,0.000000,0.000000,0.000000,0.000015,-0.000681,-0.664440,0.666802,0.455602,-0.004730,0.008687,0.006885,0.000000,0.000000,0.000000,0.000000,0.000015,-0.000681,-0.664225,-0.662185,0.446397,0.003593,0.004384,0.005651,0.000000,0.000000,0.000000,0.000000,0.000015,-0.000681
1756680931.938745,0.200014,-0.000014,-0.933599,0.000781,0.448574,0.016365,0.000997,0.015722,0.000001,-0.000000,-0.000000,0.000000,0.000015,-0.000681,-0.664594,0.667187,0.455949,-0.000006,0.001641,0.001076,0.000001,-0.000000,-0.000000,0.000000,0.000015,-0.000681,-0.663822,-0.661708,0.446762,0.005827,0.007207,0.003347,0.000001,-0.000000,-0.000000,0.000000,0.000015,-0.000681
1756680932.032937,0.200014,-0.000014,-0.932571,0.000809,0.449761,0.011263,0.000341,0.014000,0.000000,0.000000,0.000000,0.000000,0.000015,-0.000681,-0.664466,0.667057,0.455887,0.001831,-0.001775,-0.002301,0.000000,0.000000,0.000000,0.000000,0.000015,-0.000681,-0.663368,-0.661152,0.446949,0.004902,0.005814,0.001516,0.000000,0.000000,0.000000,0.000000,0.000015,-0.000681
1756680932.132320,0.200014,-0.000014,-0.931574,0.000852,0.450679,0.012790,0.000667,0.009115,0.000000,0.000000,0.000000,0.000000,0.000015,-0.000681,-0.664409,0.667102,0.455632,0.001104,0.000328,-0.003953,0.000000,0.000000,0.000000,0.000000,0.000015,-0.000681,-0.662958,-0.660673,0.447040,0.005740,0.006745,0.000737,0.000000,0.000000,0.000000,0.000000,0.000015,-0.000681
1756680932.237871,0.200014,-0.000014,-0.930845,0.000881,0.451077,0.011403,0.000349,0.004506,0.000001,-0.000000,-0.000000,0.000000,0.000015,-0.000681,-0.664327,0.667120,0.455311,0.002275,-0.001142,-0.006429,0.000001,-0.000000,0.000000,0.000000,0.000015,-0.000681,-0.662600,-0.660259,0.447060,0.005994,0.006865,-0.000071,0.000001,-0.000000,-0.000000,0.000000,0.000015,-0.000681
1756680932.329553,0.200014,-0.000014,-0.929903,0.000914,0.451211,0.012135,0.000488,-0.000402,0.000000,0.000000,0.000000,0.000000,0.000015,-0.000681,-0.664058,0.666893,0.454700,0.003904,-0.003505,-0.008331,0.000000,0.000000,0.000000,0.000000,0.000015,-0.000681,-0.662128,-0.659728,0.447010,0.006017,0.006691,-0.001111,0.000000,0.000000,0.000000,0.000000,0.000015,-0.000681
1756680932.445528,0.200014,-0.000014,-0.928758,0.000948,0.450975,0.011212,0.000295,-0.003703,0.000002,-0.002997,-0.000151,0.000000,0.000015,-0.000681,-0.663647,0.666529,0.453778,0.004306,-0.003663,-0.009943,0.000002,0.001175,0.005944,0.000000,0.000015,-0.000681,-0.661513,-0.659045,0.446843,0.006334,0.007047,-0.002048,0.000002,-0.000288,-0.003786,0.000000,0.000015,-0.000681
1756680932.532612,0.200014,-0.000014,-0.928088,0.000965,0.450713,0.011199,0.000288,-0.004874,0.000000,0.000000,0.000000,0.000000,0.000015,-0.000681,-0.663398,0.666330,0.453178,0.004570,-0.003910,-0.009947,0.000000,0.000000,0.000000,0.000000,0.000015,-0.000681,-0.661129,-0.658622,0.446713,0.006386,0.007143,-0.002233,0.000000,0.000000,0.000000,0.000000,0.000015,-0.000681
1756680932.691323,0.200014,-0.000014,-0.927177,0.000991,0.450290,0.011401,0.000335,-0.005343,0.000010,-0.003002,-0.000063,0.000000,0.000015,-0.000681,-0.663010,0.665965,0.452387,0.005307,-0.004824,-0.009897,0.000010,0.000388,0.004889,0.000000,0.000015,-0.000681,-0.660616,-0.658059,0.446540,0.006451,0.006676,-0.002082,0.000010,-0.000489,-0.003727,0.000000,0.000015,-0.000681
1756680932.776170,0.200014,-0.000014,-0.926504,0.001008,0.449969,0.011074,0.000265,-0.005404,0.000005,-0.003001,-0.000255,0.000000,0.000015,-0.000681,-0.662672,0.665689,0.451803,0.005814,-0.004897,-0.009533,0.000005,0.000821,0.005598,0.000000,0.000015,-0.000681,-0.660227,-0.657658,0.446427,0.006524,0.006781,-0.001759,0.000005,-0.000465,-0.003735,0.000000,0.000015,-0.000681
1756680932.836033,0.200014,-0.000014,-0.925628,0.001025,0.449528,0.010904,0.000170,-0.005508,0.000000,0.000000,0.000000,0.000000,0.000015,-0.000681,-0.662205,0.665279,0.451057,0.006060,-0.005325,-0.009098,0.000000,0.000000,0.000000,0.000000,0.000015,-0.000681,-0.659702,-0.657102,0.446286,0.006589,0.007257,-0.001748,0.000000,0.000000,0.000000,0.000000,0.000015,-0.000681
1756680932.946437,0.200014,-0.000014,-0.924776,0.001041,0.449098,0.010518,0.000185,-0.005181,0.000002,-0.002992,-0.000521,0.000000,0.000015,-0.000681,-0.661716,0.664839,0.450352,0.006362,-0.005543,-0.008559,0.000002,0.000978,0.005653,0.000000,0.000015,-0.000681,-0.659175,-0.656519,0.446176,0.006571,0.006846,-0.001092,0.000002,-0.000177,-0.003994,0.000000,0.000015,-0.000681
1756680933.041862,0.200014,-0.000014,-0.923938,0.001052,0.448699,0.010437,0.000099,-0.004857,0.000001,-0.000000,-0.000000,0.000000,0.000015,-0.000681,-0.661191,0.664418,0.449714,0.006690,-0.005510,-0.007415,0.000001,-0.000000,0.000000,0.000000,0.000015,-0.000681,-0.658650,-0.655986,0.446115,0.006591,0.007033,-0.000563,0.000001,-0.000000,-0.000000,0.000000,0.000015,-0.000681
1756680933.188895,0.200014,-0.000014,-0.923303,0.001057,0.448418,0.010824,0.000096,-0.004397,0.000010,-0.015033,0.040312,0.000000,0.000015,-0.000681,-0.660791,0.664060,0.449294,0.006802,-0.005950,-0.006680,0.000010,-0.068180,0.104478,0.000000,0.000015,-0.000681,-0.658254,-0.655562,0.446091,0.006609,0.006917,-0.000344,0.000010,-0.058437,-0.084034,0.000000,0.000015,-0.000681
1756680933.241932,0.200014,-0.000014,-0.922476,0.001063,0.448099,0.009963,0.000044,-0.003686,0.000001,-0.000000,-0.000000,0.000000,0.000015,-0.000681,-0.660238,0.663596,0.448792,0.007014,-0.005926,-0.005911,0.000001,-0.000000,0.000000,0.000000,0.000015,-0.000681,-0.657724,-0.655035,0.446068,0.006649,0.006607,-0.000307,0.000001,-0.000000,-0.000000,0.000000,0.000015,-0.000681
1756680933.352685,0.200014,-0.000014,-0.921637,0.000955,0.447908,0.010183,-0.000610,-0.000062,0.000005,-0.180708,-0.005449,0.000000,0.000015,-0.000681,-0.659480,0.662841,0.448711,0.006889,-0.006068,0.004148,0.000005,-0.069016,0.106745,0.000000,0.000015,-0.000681,-0.657190,-0.654493,0.446028,0.006686,0.007025,-0.000617,0.000005,-0.059546,-0.093927,0.000000,0.000015,-0.000681
1756680933.434134,0.200014,-0.000014,-0.921071,0.001078,0.447995,0.008411,0.005661,0.002956,0.000000,0.000000,0.000000,0.000000,0.000015,-0.000681,-0.659405,0.662999,0.449134,0.001521,0.000953,0.009936,0.000000,0.000000,0.000000,0.000000,0.000015,-0.000681,-0.656786,-0.654070,0.445993,0.006980,0.007471,-0.000436,0.000000,0.000000,0.000000,0.000000,0.000015,-0.000681
1756680933.533123,0.200014,-0.000014,-0.920352,0.001285,0.448345,0.009536,0.000327,0.005062,0.000000,0.000000,0.000000,0.000000,0.000015,-0.000681,-0.659042,0.662753,0.450104,0.003550,-0.001604,0.014151,0.000000,0.000000,0.000000,0.000000,0.000015,-0.000681,-0.656094,-0.653276,0.446413,0.006132,0.006090,0.008792,0.000000,0.000000,0.000000,0.000000,0.000015,-0.000681
1756680933.634104,0.200014,-0.000014,-0.919632,0.001487,0.448724,0.008627,0.004166,0.004600,0.000000,0.000000,0.000000,0.000000,0.000015,-0.000681,-0.658949,0.662938,0.451261,0.000893,0.002041,0.014315,0.000000,0.000000,0.000000,0.000000,0.000015,-0.000681,-0.656015,-0.653450,0.447214,0.001311,-0.001906,0.011412,0.000000,0.000000,0.000000,0.000000,0.000015,-0.000681
1756680933.802776,0.200014,-0.000014,-0.918906,0.001635,0.449049,0.009494,0.000052,0.003718,0.000041,-0.035318,0.055538,0.000000,0.000015,-0.000681,-0.658880,0.663104,0.452090,0.002214,0.000042,0.006426,0.000041,-0.069213,0.109240,0.000000,0.000015,-0.000681,-0.655757,-0.653319,0.447994,0.004716,0.004092,0.007592,0.000041,-0.059474,-0.096652,0.000000,0.000015,-0.000681
1756680933.831790,0.200014,-0.000014,-0.918169,0.001722,0.449277,0.009083,0.001631,0.001699,0.000000,0.000000,0.000000,0.000000,0.000015,-0.000681,-0.658552,0.662891,0.452367,0.004527,-0.003344,0.001609,0.000000,0.000000,0.000000,0.000000,0.000015,-0.000681,-0.655223,-0.652751,0.448592,0.006320,0.006450,0.007027,0.000000,0.000000,0.000000,0.000000,0.000015,-0.000681
1756680933.945543,0.200014,-0.000014,-0.917452,0.001913,0.449327,0.008917,0.002418,0.000159,0.000002,-0.004877,0.007042,0.000000,0.000015,-0.000681,-0.658181,0.662620,0.452325,0.004461,-0.003074,-0.002357,0.000002,0.002400,0.008487,0.000000,0.000015,-0.000681,-0.654817,-0.652419,0.449010,0.003080,0.000621,0.003863,0.000002,0.001170,-0.014238,0.000000,0.000015,-0.000681
1756680934.105370,0.200014,-0.000014,-0.916915,0.002043,0.449308,0.009011,0.001773,-0.000835,0.000020,-0.191121,-0.007746,0.000000,0.000015,-0.000681,-0.657971,0.662526,0.452157,0.003937,-0.002445,-0.002813,0.000020,-0.069512,0.111884,0.000000,0.000015,-0.000681,-0.654631,-0.652368,0.449264,0.003906,0.001990,0.004232,0.000020,-0.058974,-0.097921,0.000000,0.000015,-0.000681
1756680934.149613,0.200014,-0.000014,-0.916175,0.002131,0.449188,0.009584,0.000317,-0.001592,0.000002,-0.002990,-0.000366,0.000000,0.000015,-0.000681,-0.657624,0.662255,0.451887,0.005021,-0.003854,-0.004004,0.000002,0.002048,0.007453,0.000000,0.000015,-0.000681,-0.654206,-0.651954,0.449681,0.005471,0.004942,0.005467,0.000002,0.000861,-0.005402,0.000000,0.000015,-0.000681
1756680934.274434,0.200014,-0.000014,-0.914959,0.002262,0.449224,0.014536,0.001377,0.006358,0.000005,-0.003180,0.001721,0.000000,0.000015,-0.000681,-0.657179,0.661918,0.451484,0.005935,-0.004282,-0.005944,0.000005,0.002499,0.008418,0.000000,0.000015,-0.000681,-0.653784,-0.651683,0.449987,0.004522,0.000655,0.002437,0.000005,0.000436,-0.015853,0.000000,0.000015,-0.000681
1756680934.349787,0.200014,-0.000014,-0.914885,0.002399,0.449815,-0.015743,0.001269,0.009809,0.000002,0.002587,-0.005048,0.000000,0.000015,-0.000681,-0.656816,0.661675,0.451103,0.006176,-0.004187,-0.006584,0.000002,0.002591,0.008932,0.000000,0.000015,-0.000681,-0.653510,-0.651620,0.450127,0.004958,0.002032,0.002076,0.000002,0.002029,-0.011625,0.000000,0.000015,-0.000681
1756680934.489668,0.200014,-0.000014,-0.915593,0.002375,0.450970,-0.004654,-0.000727,0.015783,0.000005,-0.195259,-0.008524,0.000000,0.000015,-0.000681,-0.656329,0.661338,0.450566,0.006322,-0.004328,-0.006720,0.000005,-0.070347,0.115900,0.000000,0.000015,-0.000681,-0.653074,-0.651296,0.450320,0.005449,0.003452,0.002139,0.000005,-0.058766,-0.099933,0.000000,0.000015,-0.000681
1756680934.547719,0.200014,-0.000014,-0.915335,0.002397,0.451832,0.017661,0.000680,0.014158,0.000002,-0.002992,-0.000281,0.000000,0.000015,-0.000681,-0.655944,0.661069,0.450161,0.006626,-0.004521,-0.006763,0.000002,0.002727,0.009097,0.000000,0.000015,-0.000681,-0.652748,-0.651146,0.450391,0.005563,0.002495,0.000270,0.000002,0.002165,-0.011249,0.000000,0.000015,-0.000681
1756680934.677795,0.200014,-0.000014,-0.914159,0.002481,0.453273,0.014112,0.000751,0.022282,0.000005,-0.003042,0.000180,0.000000,0.000015,-0.000681,-0.655192,0.660421,0.449893,0.006831,-0.004398,0.002093,0.000005,0.003086,0.010055,0.000000,0.000015,-0.000681,-0.652293,-0.650961,0.450297,0.005688,0.002196,-0.002300,0.000005,0.002139,-0.012562,0.000000,0.000015,-0.000681
1756680934.735977,0.200014,-0.000014,-0.914477,0.002582,0.454508,-0.029991,0.001605,0.011114,0.000000,0.000000,0.000000,0.000000,0.000015,-0.000681,-0.655095,0.660626,0.450248,0.000935,0.003454,0.009049,0.000000,0.000000,0.000000,0.000000,0.000015,-0.000681,-0.651950,-0.650827,0.450121,0.005898,0.002411,-0.003389,0.000000,0.000000,0.000000,0.000000,0.000015,-0.000681
1756680934.877831,0.200014,-0.000014,-0.915507,0.002389,0.455412,0.007986,-0.003852,0.011874,0.000005,-0.010111,-0.015237,0.000000,0.000015,-0.000681,-0.654950,0.660824,0.450947,0.003620,0.000081,0.006866,0.000005,-0.001082,0.021407,0.000000,0.000015,-0.000681,-0.651467,-0.650613,0.449819,0.006201,0.002479,-0.004012,0.000005,0.002141,-0.012334,0.000000,0.000015,-0.000681
1756680934.957803,0.200014,-0.000014,-0.915492,0.002267,0.456533,-0.004575,-0.000213,0.013463,0.000005,-0.001182,0.024668,0.000000,0.000015,-0.000681,-0.654426,0.660578,0.451404,0.006447,-0.003444,0.005260,0.000005,-0.070787,0.120180,0.000000,0.000015,-0.000681,-0.650964,-0.650432,0.449541,0.006112,0.003344,-0.003000,0.000005,-0.058331,-0.102370,0.000000,0.000015,-0.000681
1756680935.036924,0.200014,-0.000014,-0.916288,0.002388,0.457154,-0.024629,0.003763,0.008576,0.000001,0.000000,-0.000000,0.000000,0.000015,-0.000681,-0.654089,0.660361,0.451641,0.005259,-0.002603,0.002615,0.000001,-0.000000,0.000000,0.000000,0.000015,-0.000681,-0.650596,-0.650206,0.449386,0.006796,0.004505,-0.002091,0.000001,-0.000000,-0.000000,0.000000,0.000015,-0.000681
1756680935.136404,0.200014,-0.000014,-0.916871,0.002300,0.457988,0.003476,-0.004755,0.010587,0.000000,0.000000,0.000000,0.000000,0.000015,-0.000681,-0.653537,0.660007,0.451995,0.004562,-0.000764,0.006959,0.000000,0.000000,0.000000,0.000000,0.000015,-0.000681,-0.649939,-0.649739,0.449646,0.004670,-0.000319,0.006146,0.000000,0.000000,0.000000,0.000000,0.000015,-0.000681
1756680935.235910,0.200014,-0.000014,-0.917165,0.002252,0.458617,-0.014607,0.002403,0.010422,0.000000,0.000000,0.000000,0.000000,0.000015,-0.000681,-0.653546,0.660474,0.452491,-0.000302,0.006211,0.010516,0.000000,0.000000,0.000000,0.000000,0.000015,-0.000681,-0.649905,-0.650132,0.450093,0.001903,-0.003948,0.009243,0.000000,0.000000,0.000000,0.000000,0.000015,-0.000681
1756680935.412748,0.200014,-0.000014,-0.917468,0.002207,0.459501,0.004668,-0.003213,0.010937,0.000041,-0.016119,-0.018126,0.000000,0.000015,-0.000681,-0.653475,0.660801,0.453268,0.002593,0.001031,0.007219,0.000041,-0.008461,0.026228,0.000000,0.000015,-0.000681,-0.649666,-0.650230,0.450741,0.004454,0.001284,0.006096,0.000041,0.001428,-0.015314,0.000000,0.000015,-0.000681
1756680935.448341,0.200014,-0.000014,-0.917468,0.002207,0.459501,0.004668,-0.003213,0.010937,0.000002,-0.014536,-0.018182,0.000000,0.000015,-0.000681,-0.653475,0.660801,0.453268,0.002593,0.001031,0.007219,0.000002,-0.007909,0.025322,0.000000,0.000015,-0.000681,-0.649666,-0.650230,0.450741,0.004454,0.001284,0.006096,0.000002,0.001923,-0.014457,0.000000,0.000015,-0.000681
1756680935.546019,0.200014,-0.000014,-0.917687,0.002259,0.460244,-0.009466,0.004480,0.000845,0.000002,-0.006623,-0.019698,0.000000,0.000015,-0.000681,-0.652785,0.660427,0.453864,0.004136,-0.001589,0.000930,0.000002,0.003827,0.015978,0.000000,0.000015,-0.000681,-0.648939,-0.649887,0.451202,0.004480,0.001467,0.000285,0.000002,0.002446,-0.014582,0.000000,0.000015,-0.000681
1756680935.648723,0.200014,-0.000014,-0.917990,0.002342,0.460246,-0.000420,-0.001126,-0.002106,0.000002,-0.040815,-0.004623,0.000000,0.000015,-0.000681,-0.652507,0.660363,0.453740,0.003310,-0.000086,-0.003482,0.000002,0.000056,0.021647,0.000000,0.000015,-0.000681,-0.648643,-0.649839,0.451148,0.003951,0.000567,-0.001494,0.000002,0.000737,-0.016540,0.000000,0.000015,-0.000681
1756680935.802339,0.200014,-0.000014,-0.917658,0.002039,0.459954,0.005120,-0.004115,-0.002850,0.000020,-0.018827,-0.019515,0.000000,0.000015,-0.000681,-0.652301,0.660460,0.453415,0.003302,0.000694,-0.004315,0.000020,-0.005056,0.025788,0.000000,0.000015,-0.000681,-0.648272,-0.649754,0.450942,0.005396,0.001815,-0.003326,0.000020,0.001891,-0.014725,0.000000,0.000015,-0.000681
